family,test_id,raw_p,holm_p
isolated,INPUT,9.230705089180447e-11,2.769211526754134e-10
isolated,OUTPUT,1.4500720624255337e-08,1.4500720624255337e-08
isolated,LOAD,4.8538950636611844e-11,1.9415580254644738e-10
isolated,DOWNSTREAM,2.5209434539874565e-10,5.041886907974913e-10
factorial_interactions,INPUT_LOAD:ttft_p95,1.6160406346443779e-12,2.4240609519665668e-11
factorial_interactions,INPUT_LOAD:total_latency_p95,1.6227019727921288e-12,2.4240609519665668e-11
factorial_interactions,INPUT_LOAD:post_first_token_duration_p95,4.0629677400261244e-10,4.469264514028737e-09
factorial_interactions,INPUT_DOWNSTREAM:ttft_p95,0.029818309150761557,0.29818309150761557
factorial_interactions,INPUT_DOWNSTREAM:total_latency_p95,0.2643683917206152,1.0
factorial_interactions,INPUT_DOWNSTREAM:post_first_token_duration_p95,0.40349517364647003,1.0
factorial_interactions,OUTPUT_LOAD:ttft_p95,2.458988568321274e-10,2.950786281985529e-09
factorial_interactions,OUTPUT_LOAD:total_latency_p95,2.0806734113421044e-10,2.7048754347447357e-09
factorial_interactions,OUTPUT_LOAD:post_first_token_duration_p95,0.57101828799347,1.0
factorial_interactions,OUTPUT_DOWNSTREAM:ttft_p95,0.06274633074653568,0.5647169767188212
factorial_interactions,OUTPUT_DOWNSTREAM:total_latency_p95,0.10403726159607585,0.7282608311725309
factorial_interactions,OUTPUT_DOWNSTREAM:post_first_token_duration_p95,0.07982923688421639,0.6386338950737311
factorial_interactions,LOAD_DOWNSTREAM:ttft_p95,0.7109237982979364,1.0
factorial_interactions,LOAD_DOWNSTREAM:total_latency_p95,0.9337387213904647,1.0
factorial_interactions,LOAD_DOWNSTREAM:post_first_token_duration_p95,0.29778322727098283,1.0
