compound,metric,A0B0,A1B0,A0B1,A1B1,mean interaction delta,95% CI,dz,raw p,Holm p,classification
INPUT_LOAD,ttft_p95,BASELINE,INPUT_MEDIUM,LOAD_MEDIUM,INPUT_LOAD,2.0081467968995184,"2.00815 [1.96624, 2.05006]",40.057017354654775,1.6160406346443779e-12,2.4240609519665668e-11,SUPER_ADDITIVE_EVIDENCE
INPUT_LOAD,total_latency_p95,BASELINE,INPUT_MEDIUM,LOAD_MEDIUM,INPUT_LOAD,2.065615046983612,"2.06562 [2.02275, 2.10848]",40.28295073117161,1.6227019727921288e-12,2.4240609519665668e-11,SUPER_ADDITIVE_EVIDENCE
INPUT_LOAD,post_first_token_duration_p95,BASELINE,INPUT_MEDIUM,LOAD_MEDIUM,INPUT_LOAD,0.06000896850896424,"0.060009 [0.0570916, 0.0629263]",17.196800285501094,4.0629677400261244e-10,4.469264514028737e-09,SUPER_ADDITIVE_EVIDENCE
INPUT_DOWNSTREAM,ttft_p95,BASELINE,INPUT_MEDIUM,DOWNSTREAM_MEDIUM,INPUT_DOWNSTREAM,-0.0014976180498706484,"-0.00149762 [-0.00280015, -0.000195082]",-0.961232387597652,0.029818309150761557,0.29818309150761557,SUB_ADDITIVE_EVIDENCE
INPUT_DOWNSTREAM,total_latency_p95,BASELINE,INPUT_MEDIUM,DOWNSTREAM_MEDIUM,INPUT_DOWNSTREAM,-0.0024210644377489973,"-0.00242106 [-0.00713958, 0.00229746]",-0.4289608286809839,0.2643683917206152,1.0,INTERACTION_UNCERTAIN
INPUT_DOWNSTREAM,post_first_token_duration_p95,BASELINE,INPUT_MEDIUM,DOWNSTREAM_MEDIUM,INPUT_DOWNSTREAM,-0.0015397791346004053,"-0.00153978 [-0.00563519, 0.00255563]",-0.3143244359018454,0.40349517364647003,1.0,INTERACTION_UNCERTAIN
OUTPUT_LOAD,ttft_p95,OUTPUT_CONTROL,OUTPUT_MEDIUM,OUTPUT_LOAD_CONTROL,OUTPUT_LOAD,3.3840337552266186,"3.38403 [3.23093, 3.53713]",18.478904065254735,2.458988568321274e-10,2.950786281985529e-09,SUPER_ADDITIVE_EVIDENCE
OUTPUT_LOAD,total_latency_p95,OUTPUT_CONTROL,OUTPUT_MEDIUM,OUTPUT_LOAD_CONTROL,OUTPUT_LOAD,3.349321918188934,"3.34932 [3.20137, 3.49727]",18.926283573493038,2.0806734113421044e-10,2.7048754347447357e-09,SUPER_ADDITIVE_EVIDENCE
OUTPUT_LOAD,post_first_token_duration_p95,OUTPUT_CONTROL,OUTPUT_MEDIUM,OUTPUT_LOAD_CONTROL,OUTPUT_LOAD,-0.005518853962030359,"-0.00551885 [-0.0274779, 0.0164402]",-0.21011289440645955,0.57101828799347,1.0,INTERACTION_UNCERTAIN
OUTPUT_DOWNSTREAM,ttft_p95,OUTPUT_CONTROL,OUTPUT_MEDIUM,OUTPUT_DOWNSTREAM_CONTROL,OUTPUT_DOWNSTREAM,-0.0037707895428411454,"-0.00377079 [-0.0078044, 0.000262823]",-0.781547275868207,0.06274633074653568,0.5647169767188212,INTERACTION_UNCERTAIN
OUTPUT_DOWNSTREAM,total_latency_p95,OUTPUT_CONTROL,OUTPUT_MEDIUM,OUTPUT_DOWNSTREAM_CONTROL,OUTPUT_DOWNSTREAM,-0.017096464114592844,"-0.0170965 [-0.0387423, 0.00454937]",-0.6603116990237533,0.10403726159607585,0.7282608311725309,INTERACTION_UNCERTAIN
OUTPUT_DOWNSTREAM,post_first_token_duration_p95,OUTPUT_CONTROL,OUTPUT_MEDIUM,OUTPUT_DOWNSTREAM_CONTROL,OUTPUT_DOWNSTREAM,-0.016623876006406118,"-0.0166239 [-0.0358229, 0.00257515]",-0.7238860351437649,0.07982923688421639,0.6386338950737311,INTERACTION_UNCERTAIN
LOAD_DOWNSTREAM,ttft_p95,BASELINE,LOAD_MEDIUM,DOWNSTREAM_MEDIUM,LOAD_DOWNSTREAM,0.009369266075145814,"0.00936927 [-0.0480189, 0.0667574]",0.13648980353647144,0.7109237982979364,1.0,INTERACTION_UNCERTAIN
LOAD_DOWNSTREAM,total_latency_p95,BASELINE,LOAD_MEDIUM,DOWNSTREAM_MEDIUM,LOAD_DOWNSTREAM,0.0023368405447854873,"0.00233684 [-0.0617839, 0.0664576]",0.03046825181933533,0.9337387213904647,1.0,INTERACTION_UNCERTAIN
LOAD_DOWNSTREAM,post_first_token_duration_p95,BASELINE,LOAD_MEDIUM,DOWNSTREAM_MEDIUM,LOAD_DOWNSTREAM,-0.0027066851149356863,"-0.00270669 [-0.00839716, 0.00298379]",-0.39765476242934,0.29778322727098283,1.0,INTERACTION_UNCERTAIN
