compound,repetition,CSD_r,ttft_p95_raw_delta,ttft_p95_standardized_delta,total_latency_p95_raw_delta,total_latency_p95_standardized_delta,post_first_token_duration_p95_raw_delta,post_first_token_duration_p95_standardized_delta,ttft_median_raw_delta,ttft_median_standardized_delta,total_latency_median_raw_delta,total_latency_median_standardized_delta,post_first_token_duration_median_raw_delta,post_first_token_duration_median_standardized_delta,scheduler_slip_p95_raw_delta,scheduler_slip_p95_standardized_delta,successful_requests_per_second_raw_delta,successful_requests_per_second_standardized_delta
INPUT_LOAD,1,49.91349618246615,1.9320236732481137,68.66045128920501,1.9851222222336216,66.72380899769563,0.05688878775472399,19.767670772661504,1.0358542909962125,60.000771178743044,1.0884168755073915,55.14073474820009,0.0598278949983069,31.685307095481733,-2.438790616000018e-05,-0.06388656323353104,-2.663362704826101,-52.24189702947927
INPUT_LOAD,2,51.08406960498935,1.979783724996378,70.35775280369349,2.043098696156448,68.67251075976341,0.062268057652909076,21.636855203222357,1.0548182069906034,61.099236082661186,1.1141165619956155,56.4427171298114,0.05727904049854263,30.33541441466759,-2.9608806289699915e-05,-0.07756323412457607,-2.746961503817225,-53.88168865108929
INPUT_LOAD,3,51.31406025701661,2.0091244996507154,71.4004681993878,2.0651169309563553,69.41258634644561,0.061066644138554615,21.219388989739667,1.0614704379986508,61.484559572664914,1.1158552710003278,56.530802581434386,0.05577941599767651,29.54120190160498,3.022020064239947e-05,0.07916484287762383,-2.7216090652040625,-53.38440021002376
INPUT_LOAD,4,50.49690966068267,1.9635040651985034,69.77920461919966,2.0165964149018696,67.78171767275438,0.05881486285143181,20.436941817059537,1.0573732714983635,61.24723550903766,1.1082920630033184,56.14763979207195,0.053447353999217795,28.306124174251234,0.0010130393118741997,2.653757958206911,-2.700701107138494,-52.97429031760135
INPUT_LOAD,5,52.07107515347998,2.047972469052911,72.7810512366234,2.1075549175875494,70.83900940620083,0.05348611013541821,18.585311056825322,1.0436230420054926,60.45076791641563,1.1148573129976285,56.48024462082666,0.0592169590017875,31.36175075665435,2.8279446269100644e-05,0.07408084238258067,-2.885128626451629,-56.59183871080384
INPUT_LOAD,6,52.93591986577425,2.0417381648934683,72.55949590943537,2.106121872302174,70.79084197407221,0.06422258874408732,22.316014113971587,1.0982693125042713,63.61609570476275,1.148523063002358,58.18579902087639,0.0594327915023314,31.476057286428002,9.033357491799923e-06,0.02366378486224923,-2.8929963140814525,-56.74616351465897
INPUT_LOAD,7,53.75615729591479,2.0873019416554595,74.1787459829396,2.1404121863881302,71.94340595321499,0.06268341939394312,21.781184771005048,1.1115117290064518,64.38314876358321,1.1769188545040377,59.6243698868687,0.0596746254996105,31.604134406141693,6.18806014243997e-05,0.16210243429232601,-2.913499758036407,-57.14833885709486
INPUT_LOAD,8,51.14085785371763,2.003725836500598,71.20860996629364,2.0608971353427474,69.27075082952973,0.06064127740064572,21.071582893591557,1.0456853955038241,60.57022757538375,1.1001813760012737,55.736740943781925,0.055926541001099325,29.619120419630853,7.052499640850017e-05,0.18474729290151418,-2.7724300712507723,-54.38125496060499
INPUT_DOWNSTREAM,1,1.184682918342006,0.0002591732434666094,0.1726907993514792,0.002591873540950501,0.6647221021522025,0.002093166648774014,0.6846752653985843,-0.0005586245097219875,-0.35182560641694754,0.0007062510085233953,0.18542206034007636,0.0013634785027533958,0.6391297353748726,0.0009923610923578997,2.3446318597606415,0.0034584529172834166,2.05508714110505
INPUT_DOWNSTREAM,2,1.591712958492241,-0.0027974836426436986,-1.8640029347129279,-0.004130218743012004,-1.0592521748559331,-0.0030392655564356053,-0.9941444235642349,-0.0028501045017037055,-1.7950156629586753,-0.005532396000489798,-1.4524981241057369,-0.003716397000971483,-1.7420588788032203,-0.0010554216005404,-2.493623671023696,0.0005289573703715078,0.3143178513753189
INPUT_DOWNSTREAM,3,0.9221156804601449,0.000761229202908005,0.5072177890801797,-0.0004997975935111809,-0.12818006039273386,-0.0006477337588876864,-0.21187385320409322,0.001261229506781092,0.7943311264216447,-0.0012732495015369827,-0.33428418940677784,-0.0024552290014980965,-1.1508871308519668,3.2895803451599755e-05,0.0777222620062457,0.003534235254063489,2.100118636274847
INPUT_DOWNSTREAM,4,0.8589820236236363,-0.0024913389523135154,-1.6600143956832742,-0.00469969139812737,-1.2053013761173739,-0.002329111047583876,-0.7618527294906431,0.0008501039956172116,0.5354014164619162,-0.0016052704959293174,-0.42145435428215766,-0.0012260005023563003,-0.5746870046415123,9.883407983499876e-06,0.02335133190889859,-0.0009503296941044681,-0.5647063530644968
INPUT_DOWNSTREAM,5,1.716550594466342,-0.0015166191031312296,-1.010544768156973,-0.003388426104356773,-0.8690091115515761,-0.005055205607277402,-1.6535588520074624,-0.002957853994303185,-1.8628770437523618,-0.00559264550247468,-1.4683162775068308,-0.002191312003560583,-1.0271761953937923,-0.0010020729587267999,-2.367577893700925,-0.004380309380165315,-2.6028740875010943
INPUT_DOWNSTREAM,6,1.2435922167838953,-0.0003449018058745007,-0.22981295351929268,0.002602969847066511,0.6675679045461161,0.0042584687369525975,1.3929460486924563,0.0015047289998620025,0.9476888028652474,0.004576021496177418,1.2014076068446258,0.0028238125014468235,1.3236604267345649,1.103225331469974e-05,0.026065685974381244,0.004066557421592343,2.4164359225234677
INPUT_DOWNSTREAM,7,2.973133383377275,-0.003525209443978397,-2.3488969332609524,-0.014149165749768128,-3.6287508060430613,-0.010688626703267756,-3.4962521159471946,-0.0054148124982021095,-3.4102866194720427,-0.014049416502530221,-3.6885919071770465,-0.006926853999175392,-3.24695868290786,5.197880636839984e-05,0.12280929430043211,0.0033714907116593196,2.00341232730403
INPUT_DOWNSTREAM,8,0.7835838140694578,-0.0023257938973983913,-1.5497093831766091,0.002303940698766299,0.5908777107838058,0.0030900742109224166,1.010763945481268,-0.0011544589906406846,-0.7270863118193563,-0.002185104000091115,-0.5736862402523781,-0.0011090005027653838,-0.5198433245787931,3.2884742904500455e-05,0.07769612947110792,-0.00012599296074977673,-0.07486772834542559
OUTPUT_LOAD,1,30.539394039248865,3.3433268649001544,43.628792410657454,3.3443756815991934,44.64127467398152,-0.003993525240366502,-0.24802448646509007,1.7491897295003582,30.71877067655867,1.6818487709970213,29.087225172398558,-0.08035102050052961,-7.176585343855625,0.0019964166480349,4.953458350454519,-4.803747892585033,-41.22026918233228
OUTPUT_LOAD,2,27.792197834585746,3.0872192791939588,40.28671275674244,3.06745477528384,40.944889034710165,-0.02442778544609625,-1.5171279949620131,1.5196132504934212,26.687014090976433,1.5007288955021068,25.95479454452809,-0.0695638335018885,-6.213123179546616,-0.0010019086614193003,-2.4859103585342295,-4.432776263670944,-38.03701503478412
OUTPUT_LOAD,3,30.176626737087823,3.378815421441685,44.09190084392473,3.3677487036446108,44.95326160261257,0.00012088220137240757,0.007507588937990397,1.6911383755032148,29.699289369970305,1.6442455419928592,28.43688513700707,-0.05276170850265763,-4.7124342864377144,-1.0508001287299912e-05,-0.026072186271536575,-4.672055445850653,-40.09023525360544
OUTPUT_LOAD,4,29.606302879108938,3.2411944789004328,42.296014358362505,3.1967377686993133,42.67057961770561,-0.015911176458394183,-0.9881899155810704,1.7421469789987896,30.595087902791356,1.6223887084961461,28.058875741371796,-0.0926874995020626,-8.278423177970012,0.0010400368566478998,2.5805130694607135,-4.665917022245655,-40.037562324257145
OUTPUT_LOAD,5,32.406582627244276,3.6373115321428484,47.46514958940155,3.5526218812454324,47.42097907422858,0.0068745954962652345,0.42695811719971116,1.8557214585016482,32.589650488951975,1.795708541994827,31.056406262995424,-0.0783648754950263,-6.999191963554087,0.00010419900536359989,0.2585359292287149,-4.977134421930212,-42.70807403221432
OUTPUT_LOAD,6,31.28484142937179,3.3683836874493855,43.955771779904296,3.2978673034933297,44.0204732212355,-0.046855966342263994,-2.9100672439468607,1.9087402075019781,33.52075062327781,1.853754415500589,32.06029758908044,-0.043463833997520795,-3.88199069671213,1.402965172019998e-05,0.03481001600332193,-4.923631222570799,-42.24897078012334
OUTPUT_LOAD,7,31.704051697909417,3.386694860790885,44.19472370198497,3.3498458630965615,44.71429155306126,-0.004090730898678896,-0.2540616045583314,1.979640854500758,34.765887545387045,1.9414061050047167,33.57621535369392,-0.053564562502287985,-4.784141530615965,-1.1727448509199837e-05,-0.02909784778873764,-4.846727884804993,-41.589074308741175
OUTPUT_LOAD,8,33.2093834628311,3.6293239169935987,47.360915089669724,3.617923368449192,48.2926340270264,0.044132874991919285,2.7409451542853485,1.8991784785030177,33.352830268248994,1.8201154994967506,31.47851952363702,-0.08799158349938802,-7.859005456193232,-1.9116759358500136e-05,-0.047432018447251846,-5.308686924290414,-45.553078329059076
OUTPUT_DOWNSTREAM,1,1.7227390921308081,0.004176524401918888,1.5397646849143194,0.014806271504130664,0.850633984546388,0.008536124761303693,0.5622167532725095,-0.002739520499744602,-1.393433729661318,-0.008778312505455688,-0.5389502121497906,-0.002131104000000078,-0.14640082223059467,0.0019897944050171,4.241718515825293,0.001142063797351156,0.2938786141105291
OUTPUT_DOWNSTREAM,2,1.967832286561494,-0.00972651430311091,-3.585886682324489,-0.04010647681425328,-2.304154166638637,-0.03517508029835881,-2.31674442378028,0.004146895997109809,2.1092832692104397,0.019042207997699706,1.1691087590903608,0.018342041501455242,1.26004641594246,-6.880450746399986e-05,-0.14667311986927598,0.0005325002093434783,0.13702423971268846
OUTPUT_DOWNSTREAM,3,1.1330505439362186,-0.0035995315985928727,-1.3270439974443924,0.009784571404088671,0.5621326718354861,0.012300809295629878,0.8101710387556613,-0.003969708002841667,-2.019158107625672,-0.009073583009012565,-0.5570785369769885,-0.008547541496227495,-0.5871919451597796,1.6485450396399974e-05,0.03514264589940298,0.006507048456362519,1.6744094215586942
OUTPUT_DOWNSTREAM,4,2.073315465066861,-0.009781807701438189,-3.6062717714225263,-0.025525246957113168,-1.466449032736049,-0.012899328213097805,-0.8495914282134652,0.0018454580058458944,0.9386764699365889,-0.008521937998011736,-0.5232099323305381,-0.012275438006327008,-0.8432879002464919,1.4704148634299679e-05,0.031345378881503155,0.015854758016610848,4.079784617799908
OUTPUT_DOWNSTREAM,5,2.160619267941687,0.00013217090199769965,0.04872761839385556,-0.04466581395972746,-2.56609230021015,-0.04583958989751402,-3.0191434783560527,-0.004467624996323083,-2.2724193383239792,-0.027233646000240697,-1.6720274289984505,-0.018267249495693222,-1.254908416511257,-0.0009386000027007996,-2.000848429551915,-0.011064356994379576,-2.8471070592325507
OUTPUT_DOWNSTREAM,6,1.7848113889134711,-0.005871494143502791,-2.164651384699949,-0.04921900625631692,-2.8276774065330543,-0.04332892559577886,-2.853783016583332,0.001351354007056299,0.6873546864572742,0.005388729001424453,0.33084452583915797,0.006865373998152791,0.4716317919022614,-5.6344446420599544e-05,-0.1201115457172719,0.007615399453491545,1.9596129765087424
OUTPUT_DOWNSTREAM,7,0.7701687592807397,-0.0009564514006343006,-0.3526161822152655,-0.0052021722938660475,-0.2988696070711367,-0.01719309999862159,-1.132393109310451,0.0009294374976890132,0.4727504535967604,0.0161420630029169,0.9910524687461829,0.01191100000141894,0.8182520392229957,-0.0001021441512421002,-0.21774447476303568,0.004476153492051438,1.1518146252784294
OUTPUT_DOWNSTREAM,8,1.0378276079578248,-0.004539212499366688,-1.67347737765767,0.0033561604563148717,0.19281452058579981,0.0006080818951886002,0.04005023806429418,-0.004127230000449317,-2.0992803277917895,-0.01704668700404005,-1.0465924483286033,-0.007092853997164611,-0.4872590249684769,-7.60964994697003e-05,-0.16221772961882633,-0.00041331733827298933,-0.10635581553433252
LOAD_DOWNSTREAM,1,1.1471295695807713,-0.033069545553007534,-1.1197371145086545,-0.07193771635465959,-2.2214816943674185,-0.005607282746859704,-1.6748034590225864,0.0069527499908872345,0.421960078405996,0.0002445210047881674,0.013403440862183657,-0.0024822089981172135,-1.0499326570816137,4.290099677750018e-05,0.1124749965067968,0.031284753462474946,0.49015515466002946
LOAD_DOWNSTREAM,2,1.4117960640029041,-0.03920120239708932,-1.327355442094803,-0.041881027400086285,-1.2933123321833895,-0.001367789895448418,-0.4085364251332033,-0.012311125505220864,-0.7471581015077098,-0.015088563497556579,-0.8270809647212324,-0.004043499997351402,-1.7103324898704524,-0.0009459844593948997,-2.4801195020654543,-0.09083473462296343,-1.4231569205435937
LOAD_DOWNSTREAM,3,1.6748155683195778,-0.04699743721139401,-1.5913364956296474,-0.0469014382910245,-1.448345761899701,-0.001189383108066988,-0.3552492416419012,-0.04450041650125057,-2.700715437859574,-0.05292829150494066,-2.9012690575906683,-0.002662458500708495,-1.1261751649997027,8.041360488279976e-05,0.21082307190203384,-0.05184698631880735,-0.8123147790898722
LOAD_DOWNSTREAM,4,1.5452069639294217,-0.055636021151804216,-1.8838395492132192,-0.06565921224028007,-2.027597558688969,-0.0066990875067858835,-2.0009076472812852,-0.02465233300608815,-1.4961418692997257,-0.032042374499724274,-1.7564056391108809,-0.0030616875046688974,-1.295042318905813,0.00010438401041019995,0.2736670960617433,-0.03841534089188059,-0.6018739249060356
LOAD_DOWNSTREAM,5,2.4644602376202096,0.08127239434579658,2.7518889301971483,0.0802110311964497,2.4769668335142434,-0.008211236507122494,-2.4525617711507524,0.01056364600299272,0.641104153251336,0.023619583498657254,1.2947095930998775,0.0011486879993754112,0.4858757035595265,5.676104847230018e-05,0.14881236353912267,-0.3286876465342665,-5.149727147924892
LOAD_DOWNSTREAM,6,4.261884138602459,0.13114107319634088,4.440445867605344,0.13856955924675296,4.2791146961851565,0.009883149191591695,2.9519346891119405,0.08419035450060616,5.109484539594535,0.08942656300132515,4.901925091200202,0.007229396505863392,3.057913128288183,0.00011496595943759997,0.3014101502864445,-0.39854133862690677,-6.24416272633886
LOAD_DOWNSTREAM,7,2.025749937684607,-0.006257373335029057,-0.21187509672117677,-0.016856202051712843,-0.5205300667292192,-0.011386774997663468,-3.4010430745406874,0.025976791999710272,1.5765228439539,0.02137477049836889,1.171659966659433,-0.008301437501359088,-3.5113684383587587,0.0001253243026439997,0.32856696955566567,-0.13764122153920066,-2.156499469048559
LOAD_DOWNSTREAM,8,1.4545953815098935,0.0437022407073526,1.4797609126129414,0.04314973025284427,1.3324906701375527,0.0029249246508697146,0.8736270567772735,0.015900979004072703,0.9650251132407554,0.015849312505451935,0.8687814899874516,0.0004982705031580104,0.21076004225385475,0.00012577405541380022,0.3297461016274586,-0.2054285197469934,-3.218559736740297
