campaign_id,run_id,condition_id,workload,telemetry_config,repetition,attempt,planned_order,config_path,run_directory,config_hash
sloscope-telemetry-cost-v1,phase7f-r01-baseline-t1-no-host-a01,BASELINE,BASELINE,T1_NO_HOST,1,1,1,configs/phase7f-cost/runs/phase7f-r01-baseline-t1-no-host-a01.json,runs/phase7f-cost/phase7f-r01-baseline-t1-no-host-a01,c308af9cdce7621a0d8cb9902a5d4baf8c15256fac9a48ca639adebb215feeb3
sloscope-telemetry-cost-v1,phase7f-r01-baseline-t2-no-runtime-a01,BASELINE,BASELINE,T2_NO_RUNTIME,1,1,2,configs/phase7f-cost/runs/phase7f-r01-baseline-t2-no-runtime-a01.json,runs/phase7f-cost/phase7f-r01-baseline-t2-no-runtime-a01,74bf9d88a2a8a814a2ff8e2ed570b6e50f18d611999a19379f35bd3ddcace993
sloscope-telemetry-cost-v1,phase7f-r01-baseline-t0-full-a01,BASELINE,BASELINE,T0_FULL,1,1,3,configs/phase7f-cost/runs/phase7f-r01-baseline-t0-full-a01.json,runs/phase7f-cost/phase7f-r01-baseline-t0-full-a01,7fe9cae06f3d3a4a6ec7668b557685eacf27c1e341b8bdc9e31a9c898bea4686
sloscope-telemetry-cost-v1,phase7f-r01-baseline-t3-light-a01,BASELINE,BASELINE,T3_LIGHT,1,1,4,configs/phase7f-cost/runs/phase7f-r01-baseline-t3-light-a01.json,runs/phase7f-cost/phase7f-r01-baseline-t3-light-a01,e9a14fbc613e63c3809c939653e1c070132e8dd0bfc7022f90e6c6fdf1ebc51f
sloscope-telemetry-cost-v1,phase7f-r01-load-medium-t1-no-host-a01,LOAD_MEDIUM,LOAD_MEDIUM,T1_NO_HOST,1,1,5,configs/phase7f-cost/runs/phase7f-r01-load-medium-t1-no-host-a01.json,runs/phase7f-cost/phase7f-r01-load-medium-t1-no-host-a01,14852df960a640f811d64cf61d3455e77294e178520aa3a81689dbe2f2bcc05e
sloscope-telemetry-cost-v1,phase7f-r01-load-medium-t3-light-a01,LOAD_MEDIUM,LOAD_MEDIUM,T3_LIGHT,1,1,6,configs/phase7f-cost/runs/phase7f-r01-load-medium-t3-light-a01.json,runs/phase7f-cost/phase7f-r01-load-medium-t3-light-a01,e0b108c4c6b6d27c3cc63de605cfb94ccfdabbc68e0bf65da1664a998ed97ac6
sloscope-telemetry-cost-v1,phase7f-r01-load-medium-t0-full-a01,LOAD_MEDIUM,LOAD_MEDIUM,T0_FULL,1,1,7,configs/phase7f-cost/runs/phase7f-r01-load-medium-t0-full-a01.json,runs/phase7f-cost/phase7f-r01-load-medium-t0-full-a01,2e6217b10ac56cec8e7153a3cee0752ac0ff0438c9f76689044ece01f2d4771b
sloscope-telemetry-cost-v1,phase7f-r01-load-medium-t2-no-runtime-a01,LOAD_MEDIUM,LOAD_MEDIUM,T2_NO_RUNTIME,1,1,8,configs/phase7f-cost/runs/phase7f-r01-load-medium-t2-no-runtime-a01.json,runs/phase7f-cost/phase7f-r01-load-medium-t2-no-runtime-a01,6c5f2b70b17ab81644dbdbd87b1046bb8aa14ebbc1dc0ef552149e8df4ed5dd8
sloscope-telemetry-cost-v1,phase7f-r02-baseline-t3-light-a01,BASELINE,BASELINE,T3_LIGHT,2,1,9,configs/phase7f-cost/runs/phase7f-r02-baseline-t3-light-a01.json,runs/phase7f-cost/phase7f-r02-baseline-t3-light-a01,5b468c548bd8273da6a7d87c6a614cefbf442dca3fc31038ecb070edc18ffec8
sloscope-telemetry-cost-v1,phase7f-r02-baseline-t0-full-a01,BASELINE,BASELINE,T0_FULL,2,1,10,configs/phase7f-cost/runs/phase7f-r02-baseline-t0-full-a01.json,runs/phase7f-cost/phase7f-r02-baseline-t0-full-a01,a141020cb18e001baf4ee4a4d36a7d860e65abdf8f97dc6379e014255f7378d1
sloscope-telemetry-cost-v1,phase7f-r02-baseline-t2-no-runtime-a01,BASELINE,BASELINE,T2_NO_RUNTIME,2,1,11,configs/phase7f-cost/runs/phase7f-r02-baseline-t2-no-runtime-a01.json,runs/phase7f-cost/phase7f-r02-baseline-t2-no-runtime-a01,7b555b94996681f7ed0d6f1a3c3d492c9adbfe14e1372f4838ad2182db983b7e
sloscope-telemetry-cost-v1,phase7f-r02-baseline-t1-no-host-a01,BASELINE,BASELINE,T1_NO_HOST,2,1,12,configs/phase7f-cost/runs/phase7f-r02-baseline-t1-no-host-a01.json,runs/phase7f-cost/phase7f-r02-baseline-t1-no-host-a01,0659c2be2d71548bdf6e6bfa5651290588ab1f283dc74332cf66aa4b31626299
sloscope-telemetry-cost-v1,phase7f-r02-load-medium-t2-no-runtime-a01,LOAD_MEDIUM,LOAD_MEDIUM,T2_NO_RUNTIME,2,1,13,configs/phase7f-cost/runs/phase7f-r02-load-medium-t2-no-runtime-a01.json,runs/phase7f-cost/phase7f-r02-load-medium-t2-no-runtime-a01,486c00f10695fa8fdf3ba36279cce5e6f367b5eb9fa4e925d63250b5ca252adb
sloscope-telemetry-cost-v1,phase7f-r02-load-medium-t1-no-host-a01,LOAD_MEDIUM,LOAD_MEDIUM,T1_NO_HOST,2,1,14,configs/phase7f-cost/runs/phase7f-r02-load-medium-t1-no-host-a01.json,runs/phase7f-cost/phase7f-r02-load-medium-t1-no-host-a01,85fe393db2709251819ca3a858fc1f035ea3220f0647f0ead3aaa3fc6fb919b0
sloscope-telemetry-cost-v1,phase7f-r02-load-medium-t3-light-a01,LOAD_MEDIUM,LOAD_MEDIUM,T3_LIGHT,2,1,15,configs/phase7f-cost/runs/phase7f-r02-load-medium-t3-light-a01.json,runs/phase7f-cost/phase7f-r02-load-medium-t3-light-a01,ae9ddb306926674e50d93bb41405e80be4c495a9ce1c07533c3e516368351130
sloscope-telemetry-cost-v1,phase7f-r02-load-medium-t0-full-a01,LOAD_MEDIUM,LOAD_MEDIUM,T0_FULL,2,1,16,configs/phase7f-cost/runs/phase7f-r02-load-medium-t0-full-a01.json,runs/phase7f-cost/phase7f-r02-load-medium-t0-full-a01,000a5a055cfe0b3423ab1b2f313f205a5e02469f0b628ecc42365dc10bcf10da
sloscope-telemetry-cost-v1,phase7f-r03-baseline-t3-light-a01,BASELINE,BASELINE,T3_LIGHT,3,1,17,configs/phase7f-cost/runs/phase7f-r03-baseline-t3-light-a01.json,runs/phase7f-cost/phase7f-r03-baseline-t3-light-a01,efc99631ec3b78d25d0da0d2ccf374c3598bd7e87d3f24eb6e53770f6c31e8d9
sloscope-telemetry-cost-v1,phase7f-r03-baseline-t1-no-host-a01,BASELINE,BASELINE,T1_NO_HOST,3,1,18,configs/phase7f-cost/runs/phase7f-r03-baseline-t1-no-host-a01.json,runs/phase7f-cost/phase7f-r03-baseline-t1-no-host-a01,e982e6abe3bf920b28f9191066c970babd081793fb4969dfcc7afdeb4901f0f1
sloscope-telemetry-cost-v1,phase7f-r03-baseline-t0-full-a01,BASELINE,BASELINE,T0_FULL,3,1,19,configs/phase7f-cost/runs/phase7f-r03-baseline-t0-full-a01.json,runs/phase7f-cost/phase7f-r03-baseline-t0-full-a01,8a5be82bbcbab3294a076e1a2f2fb267760044fa09699badb5b839b26fcb4866
sloscope-telemetry-cost-v1,phase7f-r03-baseline-t2-no-runtime-a01,BASELINE,BASELINE,T2_NO_RUNTIME,3,1,20,configs/phase7f-cost/runs/phase7f-r03-baseline-t2-no-runtime-a01.json,runs/phase7f-cost/phase7f-r03-baseline-t2-no-runtime-a01,ebfb6b52a201e0e119d03916c02eb2dbf73e5b3947497357e21cd03d239e000b
sloscope-telemetry-cost-v1,phase7f-r03-load-medium-t3-light-a01,LOAD_MEDIUM,LOAD_MEDIUM,T3_LIGHT,3,1,21,configs/phase7f-cost/runs/phase7f-r03-load-medium-t3-light-a01.json,runs/phase7f-cost/phase7f-r03-load-medium-t3-light-a01,091c23337f60007963b405cfbccd9117a28aaa10d3b08cb484aeef03a2cd9979
sloscope-telemetry-cost-v1,phase7f-r03-load-medium-t1-no-host-a01,LOAD_MEDIUM,LOAD_MEDIUM,T1_NO_HOST,3,1,22,configs/phase7f-cost/runs/phase7f-r03-load-medium-t1-no-host-a01.json,runs/phase7f-cost/phase7f-r03-load-medium-t1-no-host-a01,b5c8bcf2cf809d5bcd236844f65ab8de84fbd5f553c0fead11fbfd98aef0eddb
sloscope-telemetry-cost-v1,phase7f-r03-load-medium-t0-full-a01,LOAD_MEDIUM,LOAD_MEDIUM,T0_FULL,3,1,23,configs/phase7f-cost/runs/phase7f-r03-load-medium-t0-full-a01.json,runs/phase7f-cost/phase7f-r03-load-medium-t0-full-a01,def1ca4acb615a13e48af7c07678ad6ee5870d99434cfbf41bf315f84d6a922d
sloscope-telemetry-cost-v1,phase7f-r03-load-medium-t2-no-runtime-a01,LOAD_MEDIUM,LOAD_MEDIUM,T2_NO_RUNTIME,3,1,24,configs/phase7f-cost/runs/phase7f-r03-load-medium-t2-no-runtime-a01.json,runs/phase7f-cost/phase7f-r03-load-medium-t2-no-runtime-a01,e7de5a650c081e4d9e783b324894b38c8fc2daf30617eb733839828eb0409a38
sloscope-telemetry-cost-v1,phase7f-r04-baseline-t2-no-runtime-a01,BASELINE,BASELINE,T2_NO_RUNTIME,4,1,25,configs/phase7f-cost/runs/phase7f-r04-baseline-t2-no-runtime-a01.json,runs/phase7f-cost/phase7f-r04-baseline-t2-no-runtime-a01,2182ead20d59ca707df479832f0c447c356506fbeb2a4e25a39277668825355b
sloscope-telemetry-cost-v1,phase7f-r04-baseline-t1-no-host-a01,BASELINE,BASELINE,T1_NO_HOST,4,1,26,configs/phase7f-cost/runs/phase7f-r04-baseline-t1-no-host-a01.json,runs/phase7f-cost/phase7f-r04-baseline-t1-no-host-a01,ff3232e164bdbfc491c75f20bbd8c14d11e74f75ef89a3a5a1b26efbc3ae1313
sloscope-telemetry-cost-v1,phase7f-r04-baseline-t3-light-a01,BASELINE,BASELINE,T3_LIGHT,4,1,27,configs/phase7f-cost/runs/phase7f-r04-baseline-t3-light-a01.json,runs/phase7f-cost/phase7f-r04-baseline-t3-light-a01,9f8f6a1ad8f789cdafc90de351623cba12afce07df142755f71a056d7e2482d3
sloscope-telemetry-cost-v1,phase7f-r04-baseline-t0-full-a01,BASELINE,BASELINE,T0_FULL,4,1,28,configs/phase7f-cost/runs/phase7f-r04-baseline-t0-full-a01.json,runs/phase7f-cost/phase7f-r04-baseline-t0-full-a01,961ddffa73fd0de0f1f14c4518efa234b356c6b6f846f185f628faa0a2f3b89c
sloscope-telemetry-cost-v1,phase7f-r04-load-medium-t1-no-host-a01,LOAD_MEDIUM,LOAD_MEDIUM,T1_NO_HOST,4,1,29,configs/phase7f-cost/runs/phase7f-r04-load-medium-t1-no-host-a01.json,runs/phase7f-cost/phase7f-r04-load-medium-t1-no-host-a01,31a03a40fb920b2164441ce299e44a6782391a5df4f91616fd61213c895e570d
sloscope-telemetry-cost-v1,phase7f-r04-load-medium-t0-full-a01,LOAD_MEDIUM,LOAD_MEDIUM,T0_FULL,4,1,30,configs/phase7f-cost/runs/phase7f-r04-load-medium-t0-full-a01.json,runs/phase7f-cost/phase7f-r04-load-medium-t0-full-a01,10b14cbddd0818f1230fa7c9e340374f01596ce433eacd12f90cf5e999ad9c1d
sloscope-telemetry-cost-v1,phase7f-r04-load-medium-t2-no-runtime-a01,LOAD_MEDIUM,LOAD_MEDIUM,T2_NO_RUNTIME,4,1,31,configs/phase7f-cost/runs/phase7f-r04-load-medium-t2-no-runtime-a01.json,runs/phase7f-cost/phase7f-r04-load-medium-t2-no-runtime-a01,e75a33f2d8d09d39d2070885dcbd27bd28bbcd4fab319fa17b0df8d2699e7c90
sloscope-telemetry-cost-v1,phase7f-r04-load-medium-t3-light-a01,LOAD_MEDIUM,LOAD_MEDIUM,T3_LIGHT,4,1,32,configs/phase7f-cost/runs/phase7f-r04-load-medium-t3-light-a01.json,runs/phase7f-cost/phase7f-r04-load-medium-t3-light-a01,811ee408526fd627fe6dff9336677b94db7287f3808da273bd3a73fb7134b551
sloscope-telemetry-cost-v1,phase7f-r05-baseline-t0-full-a01,BASELINE,BASELINE,T0_FULL,5,1,33,configs/phase7f-cost/runs/phase7f-r05-baseline-t0-full-a01.json,runs/phase7f-cost/phase7f-r05-baseline-t0-full-a01,990966c84f434ed29f3362ba084f7b64c067cf31cf180887fb4cf7fbb1b9f1fe
sloscope-telemetry-cost-v1,phase7f-r05-baseline-t3-light-a01,BASELINE,BASELINE,T3_LIGHT,5,1,34,configs/phase7f-cost/runs/phase7f-r05-baseline-t3-light-a01.json,runs/phase7f-cost/phase7f-r05-baseline-t3-light-a01,7d72e5e4db159f9615e1c4d6ddee211dfa675b80e26d039c324aae97e3079372
sloscope-telemetry-cost-v1,phase7f-r05-baseline-t1-no-host-a01,BASELINE,BASELINE,T1_NO_HOST,5,1,35,configs/phase7f-cost/runs/phase7f-r05-baseline-t1-no-host-a01.json,runs/phase7f-cost/phase7f-r05-baseline-t1-no-host-a01,a31c365bfa00f8d18b2c7ab11d936ba8588b2ad5eaebbd1e5142fbf526e52ad8
sloscope-telemetry-cost-v1,phase7f-r05-baseline-t2-no-runtime-a01,BASELINE,BASELINE,T2_NO_RUNTIME,5,1,36,configs/phase7f-cost/runs/phase7f-r05-baseline-t2-no-runtime-a01.json,runs/phase7f-cost/phase7f-r05-baseline-t2-no-runtime-a01,6aba80045b8ec03a0a2dba0ce9f04214a35450ef92b6f592671b51b89cc62007
sloscope-telemetry-cost-v1,phase7f-r05-load-medium-t0-full-a01,LOAD_MEDIUM,LOAD_MEDIUM,T0_FULL,5,1,37,configs/phase7f-cost/runs/phase7f-r05-load-medium-t0-full-a01.json,runs/phase7f-cost/phase7f-r05-load-medium-t0-full-a01,047c3f67fa2e72e99a8a99771d9f19059eb25d25132097fcbfa7b5f70de283e8
sloscope-telemetry-cost-v1,phase7f-r05-load-medium-t3-light-a01,LOAD_MEDIUM,LOAD_MEDIUM,T3_LIGHT,5,1,38,configs/phase7f-cost/runs/phase7f-r05-load-medium-t3-light-a01.json,runs/phase7f-cost/phase7f-r05-load-medium-t3-light-a01,993e1951f6ebfce8d992ae3c00c5d3a31bc8e18b459ba27b78edb670f78eb432
sloscope-telemetry-cost-v1,phase7f-r05-load-medium-t2-no-runtime-a01,LOAD_MEDIUM,LOAD_MEDIUM,T2_NO_RUNTIME,5,1,39,configs/phase7f-cost/runs/phase7f-r05-load-medium-t2-no-runtime-a01.json,runs/phase7f-cost/phase7f-r05-load-medium-t2-no-runtime-a01,10e1b7d8436a7f54714410c0f4ca5b8fef7b13f3f84a9659b32afe4e116d38c9
sloscope-telemetry-cost-v1,phase7f-r05-load-medium-t1-no-host-a01,LOAD_MEDIUM,LOAD_MEDIUM,T1_NO_HOST,5,1,40,configs/phase7f-cost/runs/phase7f-r05-load-medium-t1-no-host-a01.json,runs/phase7f-cost/phase7f-r05-load-medium-t1-no-host-a01,6a6e33b0d431728d108f85bc671c26feb611bbd794ab3641e79132c586dbf676
sloscope-telemetry-cost-v1,phase7f-r06-baseline-t3-light-a01,BASELINE,BASELINE,T3_LIGHT,6,1,41,configs/phase7f-cost/runs/phase7f-r06-baseline-t3-light-a01.json,runs/phase7f-cost/phase7f-r06-baseline-t3-light-a01,c042921bbab4f6c5a8386e0bccd3be002d06819bb29c441b8317f47da24e1fb3
sloscope-telemetry-cost-v1,phase7f-r06-baseline-t0-full-a01,BASELINE,BASELINE,T0_FULL,6,1,42,configs/phase7f-cost/runs/phase7f-r06-baseline-t0-full-a01.json,runs/phase7f-cost/phase7f-r06-baseline-t0-full-a01,f6c1f4c48008f752a1c43a003939eac3e75493d18c0444d1e864212bee165308
sloscope-telemetry-cost-v1,phase7f-r06-baseline-t2-no-runtime-a01,BASELINE,BASELINE,T2_NO_RUNTIME,6,1,43,configs/phase7f-cost/runs/phase7f-r06-baseline-t2-no-runtime-a01.json,runs/phase7f-cost/phase7f-r06-baseline-t2-no-runtime-a01,ba5415f75cfff7e753e0e3a399541c4558f9dba0939a80012a8bf7632eb9dd8c
sloscope-telemetry-cost-v1,phase7f-r06-baseline-t1-no-host-a01,BASELINE,BASELINE,T1_NO_HOST,6,1,44,configs/phase7f-cost/runs/phase7f-r06-baseline-t1-no-host-a01.json,runs/phase7f-cost/phase7f-r06-baseline-t1-no-host-a01,7e80ccf9a758a67ea8096100a4eab210401a04cddac76f33d77bf4e034886e60
sloscope-telemetry-cost-v1,phase7f-r06-load-medium-t1-no-host-a01,LOAD_MEDIUM,LOAD_MEDIUM,T1_NO_HOST,6,1,45,configs/phase7f-cost/runs/phase7f-r06-load-medium-t1-no-host-a01.json,runs/phase7f-cost/phase7f-r06-load-medium-t1-no-host-a01,688078ef2a1a4ee2f2b315a78340634f7b1cf7ca077d79e4237905f2ac7f925a
sloscope-telemetry-cost-v1,phase7f-r06-load-medium-t0-full-a01,LOAD_MEDIUM,LOAD_MEDIUM,T0_FULL,6,1,46,configs/phase7f-cost/runs/phase7f-r06-load-medium-t0-full-a01.json,runs/phase7f-cost/phase7f-r06-load-medium-t0-full-a01,61ee75c35f59063f8fe6442e7f6f2a781fee716d53d95f1cb04efb10ae67c304
sloscope-telemetry-cost-v1,phase7f-r06-load-medium-t3-light-a01,LOAD_MEDIUM,LOAD_MEDIUM,T3_LIGHT,6,1,47,configs/phase7f-cost/runs/phase7f-r06-load-medium-t3-light-a01.json,runs/phase7f-cost/phase7f-r06-load-medium-t3-light-a01,cc168d684b631bfdbbb9feb762d14b1351c29de6e918059fc2138b6e61fbfe3e
sloscope-telemetry-cost-v1,phase7f-r06-load-medium-t2-no-runtime-a01,LOAD_MEDIUM,LOAD_MEDIUM,T2_NO_RUNTIME,6,1,48,configs/phase7f-cost/runs/phase7f-r06-load-medium-t2-no-runtime-a01.json,runs/phase7f-cost/phase7f-r06-load-medium-t2-no-runtime-a01,58b6e7a6ff695dbbef3d6a57c2d35c54df86d92d96ab7f1d471a2018373c3940
