run_id,condition_id,repetition,fold,method,truth_set,predicted_set,true_degree,predicted_count,true_INPUT,pred_INPUT,input_score,true_OUTPUT,pred_OUTPUT,output_score,true_LOAD,pred_LOAD,load_score,true_DOWNSTREAM,pred_DOWNSTREAM,downstream_score,error_types
phase6v2-r01-input-load-a01,INPUT_LOAD,1,1,D4-FULL,INPUT+LOAD,OUTPUT+LOAD,2,2,1,0,nan,0,1,nan,1,1,nan,0,0,nan,MISS_INPUT;EXTRA_CAUSE
phase6v2-r01-input-downstream-a01,INPUT_DOWNSTREAM,1,1,D4-FULL,INPUT+DOWNSTREAM,LOAD+DOWNSTREAM,2,2,1,0,nan,0,0,nan,0,1,nan,1,1,nan,MISS_INPUT;EXTRA_CAUSE
phase6v2-r02-input-downstream-a01,INPUT_DOWNSTREAM,2,2,D4-FULL,INPUT+DOWNSTREAM,LOAD+DOWNSTREAM,2,2,1,0,nan,0,0,nan,0,1,nan,1,1,nan,MISS_INPUT;EXTRA_CAUSE
phase6v2-r02-input-load-a01,INPUT_LOAD,2,2,D4-FULL,INPUT+LOAD,OUTPUT+LOAD,2,2,1,0,nan,0,1,nan,1,1,nan,0,0,nan,MISS_INPUT;EXTRA_CAUSE
phase6v2-r03-input-downstream-a01,INPUT_DOWNSTREAM,3,3,D4-FULL,INPUT+DOWNSTREAM,DOWNSTREAM,2,1,1,0,nan,0,0,nan,0,0,nan,1,1,nan,MISS_INPUT;SINGLE_ONLY_PREDICTION
phase6v2-r03-input-load-a01,INPUT_LOAD,3,3,D4-FULL,INPUT+LOAD,OUTPUT+LOAD,2,2,1,0,nan,0,1,nan,1,1,nan,0,0,nan,MISS_INPUT;EXTRA_CAUSE
phase6v2-r04-input-load-a01,INPUT_LOAD,4,4,D4-FULL,INPUT+LOAD,OUTPUT+LOAD,2,2,1,0,nan,0,1,nan,1,1,nan,0,0,nan,MISS_INPUT;EXTRA_CAUSE
phase6v2-r04-input-downstream-a01,INPUT_DOWNSTREAM,4,4,D4-FULL,INPUT+DOWNSTREAM,DOWNSTREAM,2,1,1,0,nan,0,0,nan,0,0,nan,1,1,nan,MISS_INPUT;SINGLE_ONLY_PREDICTION
phase6v2-r05-input-downstream-a01,INPUT_DOWNSTREAM,5,5,D4-FULL,INPUT+DOWNSTREAM,LOAD+DOWNSTREAM,2,2,1,0,nan,0,0,nan,0,1,nan,1,1,nan,MISS_INPUT;EXTRA_CAUSE
phase6v2-r05-input-load-a01,INPUT_LOAD,5,5,D4-FULL,INPUT+LOAD,OUTPUT+LOAD,2,2,1,0,nan,0,1,nan,1,1,nan,0,0,nan,MISS_INPUT;EXTRA_CAUSE
phase6v2-r06-input-load-a01,INPUT_LOAD,6,6,D4-FULL,INPUT+LOAD,OUTPUT+LOAD,2,2,1,0,nan,0,1,nan,1,1,nan,0,0,nan,MISS_INPUT;EXTRA_CAUSE
phase6v2-r06-input-downstream-a01,INPUT_DOWNSTREAM,6,6,D4-FULL,INPUT+DOWNSTREAM,LOAD+DOWNSTREAM,2,2,1,0,nan,0,0,nan,0,1,nan,1,1,nan,MISS_INPUT;EXTRA_CAUSE
phase6v2-r07-output-load-a01,OUTPUT_LOAD,7,7,D4-FULL,OUTPUT+LOAD,LOAD,2,1,0,0,nan,1,0,nan,1,1,nan,0,0,nan,MISS_OUTPUT;SINGLE_ONLY_PREDICTION
phase6v2-r07-input-downstream-a01,INPUT_DOWNSTREAM,7,7,D4-FULL,INPUT+DOWNSTREAM,LOAD+DOWNSTREAM,2,2,1,0,nan,0,0,nan,0,1,nan,1,1,nan,MISS_INPUT;EXTRA_CAUSE
phase6v2-r07-input-load-a01,INPUT_LOAD,7,7,D4-FULL,INPUT+LOAD,OUTPUT+LOAD,2,2,1,0,nan,0,1,nan,1,1,nan,0,0,nan,MISS_INPUT;EXTRA_CAUSE
phase6v2-r08-input-load-a01,INPUT_LOAD,8,8,D4-FULL,INPUT+LOAD,OUTPUT+LOAD,2,2,1,0,nan,0,1,nan,1,1,nan,0,0,nan,MISS_INPUT;EXTRA_CAUSE
phase6v2-r08-input-downstream-a01,INPUT_DOWNSTREAM,8,8,D4-FULL,INPUT+DOWNSTREAM,DOWNSTREAM,2,1,1,0,nan,0,0,nan,0,0,nan,1,1,nan,MISS_INPUT;SINGLE_ONLY_PREDICTION
phase6v2-r01-input-load-a01,INPUT_LOAD,1,1,D4-FULL-F3,INPUT+LOAD,LOAD,2,1,1,0,nan,0,0,nan,1,1,nan,0,0,nan,MISS_INPUT;SINGLE_ONLY_PREDICTION
phase6v2-r01-input-downstream-a01,INPUT_DOWNSTREAM,1,1,D4-FULL-F3,INPUT+DOWNSTREAM,LOAD+DOWNSTREAM,2,2,1,0,nan,0,0,nan,0,1,nan,1,1,nan,MISS_INPUT;EXTRA_CAUSE
phase6v2-r02-input-load-a01,INPUT_LOAD,2,2,D4-FULL-F3,INPUT+LOAD,OUTPUT+LOAD,2,2,1,0,nan,0,1,nan,1,1,nan,0,0,nan,MISS_INPUT;EXTRA_CAUSE
phase6v2-r03-input-load-a01,INPUT_LOAD,3,3,D4-FULL-F3,INPUT+LOAD,OUTPUT+LOAD,2,2,1,0,nan,0,1,nan,1,1,nan,0,0,nan,MISS_INPUT;EXTRA_CAUSE
phase6v2-r04-input-load-a01,INPUT_LOAD,4,4,D4-FULL-F3,INPUT+LOAD,LOAD,2,1,1,0,nan,0,0,nan,1,1,nan,0,0,nan,MISS_INPUT;SINGLE_ONLY_PREDICTION
phase6v2-r05-input-load-a01,INPUT_LOAD,5,5,D4-FULL-F3,INPUT+LOAD,OUTPUT+LOAD,2,2,1,0,nan,0,1,nan,1,1,nan,0,0,nan,MISS_INPUT;EXTRA_CAUSE
phase6v2-r06-input-load-a01,INPUT_LOAD,6,6,D4-FULL-F3,INPUT+LOAD,OUTPUT+LOAD,2,2,1,0,nan,0,1,nan,1,1,nan,0,0,nan,MISS_INPUT;EXTRA_CAUSE
phase6v2-r06-input-downstream-a01,INPUT_DOWNSTREAM,6,6,D4-FULL-F3,INPUT+DOWNSTREAM,LOAD+DOWNSTREAM,2,2,1,0,nan,0,0,nan,0,1,nan,1,1,nan,MISS_INPUT;EXTRA_CAUSE
phase6v2-r07-output-load-a01,OUTPUT_LOAD,7,7,D4-FULL-F3,OUTPUT+LOAD,LOAD,2,1,0,0,nan,1,0,nan,1,1,nan,0,0,nan,MISS_OUTPUT;SINGLE_ONLY_PREDICTION
phase6v2-r07-input-downstream-a01,INPUT_DOWNSTREAM,7,7,D4-FULL-F3,INPUT+DOWNSTREAM,LOAD+DOWNSTREAM,2,2,1,0,nan,0,0,nan,0,1,nan,1,1,nan,MISS_INPUT;EXTRA_CAUSE
phase6v2-r07-input-load-a01,INPUT_LOAD,7,7,D4-FULL-F3,INPUT+LOAD,OUTPUT+LOAD,2,2,1,0,nan,0,1,nan,1,1,nan,0,0,nan,MISS_INPUT;EXTRA_CAUSE
phase6v2-r08-input-load-a01,INPUT_LOAD,8,8,D4-FULL-F3,INPUT+LOAD,OUTPUT+LOAD,2,2,1,0,nan,0,1,nan,1,1,nan,0,0,nan,MISS_INPUT;EXTRA_CAUSE
phase6v2-r01-input-load-a01,INPUT_LOAD,1,1,D4-S,INPUT+LOAD,LOAD,2,1,1,0,nan,0,0,nan,1,1,nan,0,0,nan,MISS_INPUT;SINGLE_ONLY_PREDICTION
phase6v2-r01-load-downstream-a01,LOAD_DOWNSTREAM,1,1,D4-S,LOAD+DOWNSTREAM,LOAD,2,1,0,0,nan,0,0,nan,1,1,nan,1,0,nan,MISS_DOWNSTREAM;SINGLE_ONLY_PREDICTION
phase6v2-r01-input-downstream-a01,INPUT_DOWNSTREAM,1,1,D4-S,INPUT+DOWNSTREAM,NONE,2,0,1,0,nan,0,0,nan,0,0,nan,1,0,nan,MISS_INPUT;MISS_DOWNSTREAM;MISS_BOTH;EMPTY_PREDICTION
phase6v2-r01-output-downstream-a01,OUTPUT_DOWNSTREAM,1,1,D4-S,OUTPUT+DOWNSTREAM,OUTPUT+LOAD,2,2,0,0,nan,1,1,nan,0,1,nan,1,0,nan,MISS_DOWNSTREAM;EXTRA_CAUSE
phase6v2-r01-output-load-a01,OUTPUT_LOAD,1,1,D4-S,OUTPUT+LOAD,LOAD,2,1,0,0,nan,1,0,nan,1,1,nan,0,0,nan,MISS_OUTPUT;SINGLE_ONLY_PREDICTION
phase6v2-r02-input-downstream-a01,INPUT_DOWNSTREAM,2,2,D4-S,INPUT+DOWNSTREAM,NONE,2,0,1,0,nan,0,0,nan,0,0,nan,1,0,nan,MISS_INPUT;MISS_DOWNSTREAM;MISS_BOTH;EMPTY_PREDICTION
phase6v2-r02-output-load-a01,OUTPUT_LOAD,2,2,D4-S,OUTPUT+LOAD,LOAD,2,1,0,0,nan,1,0,nan,1,1,nan,0,0,nan,MISS_OUTPUT;SINGLE_ONLY_PREDICTION
phase6v2-r02-output-downstream-a01,OUTPUT_DOWNSTREAM,2,2,D4-S,OUTPUT+DOWNSTREAM,OUTPUT+LOAD,2,2,0,0,nan,1,1,nan,0,1,nan,1,0,nan,MISS_DOWNSTREAM;EXTRA_CAUSE
phase6v2-r02-input-load-a01,INPUT_LOAD,2,2,D4-S,INPUT+LOAD,LOAD,2,1,1,0,nan,0,0,nan,1,1,nan,0,0,nan,MISS_INPUT;SINGLE_ONLY_PREDICTION
phase6v2-r02-load-downstream-a01,LOAD_DOWNSTREAM,2,2,D4-S,LOAD+DOWNSTREAM,LOAD,2,1,0,0,nan,0,0,nan,1,1,nan,1,0,nan,MISS_DOWNSTREAM;SINGLE_ONLY_PREDICTION
phase6v2-r03-output-downstream-a01,OUTPUT_DOWNSTREAM,3,3,D4-S,OUTPUT+DOWNSTREAM,OUTPUT+LOAD,2,2,0,0,nan,1,1,nan,0,1,nan,1,0,nan,MISS_DOWNSTREAM;EXTRA_CAUSE
phase6v2-r03-output-load-a01,OUTPUT_LOAD,3,3,D4-S,OUTPUT+LOAD,LOAD,2,1,0,0,nan,1,0,nan,1,1,nan,0,0,nan,MISS_OUTPUT;SINGLE_ONLY_PREDICTION
phase6v2-r03-input-downstream-a01,INPUT_DOWNSTREAM,3,3,D4-S,INPUT+DOWNSTREAM,NONE,2,0,1,0,nan,0,0,nan,0,0,nan,1,0,nan,MISS_INPUT;MISS_DOWNSTREAM;MISS_BOTH;EMPTY_PREDICTION
phase6v2-r03-input-load-a01,INPUT_LOAD,3,3,D4-S,INPUT+LOAD,LOAD,2,1,1,0,nan,0,0,nan,1,1,nan,0,0,nan,MISS_INPUT;SINGLE_ONLY_PREDICTION
phase6v2-r03-load-downstream-a01,LOAD_DOWNSTREAM,3,3,D4-S,LOAD+DOWNSTREAM,LOAD,2,1,0,0,nan,0,0,nan,1,1,nan,1,0,nan,MISS_DOWNSTREAM;SINGLE_ONLY_PREDICTION
phase6v2-r04-input-load-a01,INPUT_LOAD,4,4,D4-S,INPUT+LOAD,LOAD,2,1,1,0,nan,0,0,nan,1,1,nan,0,0,nan,MISS_INPUT;SINGLE_ONLY_PREDICTION
phase6v2-r04-output-load-a01,OUTPUT_LOAD,4,4,D4-S,OUTPUT+LOAD,LOAD,2,1,0,0,nan,1,0,nan,1,1,nan,0,0,nan,MISS_OUTPUT;SINGLE_ONLY_PREDICTION
phase6v2-r04-input-downstream-a01,INPUT_DOWNSTREAM,4,4,D4-S,INPUT+DOWNSTREAM,LOAD,2,1,1,0,nan,0,0,nan,0,1,nan,1,0,nan,MISS_INPUT;MISS_DOWNSTREAM;MISS_BOTH;EXTRA_CAUSE;SINGLE_ONLY_PREDICTION
phase6v2-r04-output-downstream-a01,OUTPUT_DOWNSTREAM,4,4,D4-S,OUTPUT+DOWNSTREAM,OUTPUT+LOAD,2,2,0,0,nan,1,1,nan,0,1,nan,1,0,nan,MISS_DOWNSTREAM;EXTRA_CAUSE
phase6v2-r04-load-downstream-a01,LOAD_DOWNSTREAM,4,4,D4-S,LOAD+DOWNSTREAM,LOAD,2,1,0,0,nan,0,0,nan,1,1,nan,1,0,nan,MISS_DOWNSTREAM;SINGLE_ONLY_PREDICTION
phase6v2-r05-output-downstream-a01,OUTPUT_DOWNSTREAM,5,5,D4-S,OUTPUT+DOWNSTREAM,LOAD,2,1,0,0,nan,1,0,nan,0,1,nan,1,0,nan,MISS_OUTPUT;MISS_DOWNSTREAM;MISS_BOTH;EXTRA_CAUSE;SINGLE_ONLY_PREDICTION
phase6v2-r05-input-downstream-a01,INPUT_DOWNSTREAM,5,5,D4-S,INPUT+DOWNSTREAM,NONE,2,0,1,0,nan,0,0,nan,0,0,nan,1,0,nan,MISS_INPUT;MISS_DOWNSTREAM;MISS_BOTH;EMPTY_PREDICTION
phase6v2-r05-load-downstream-a01,LOAD_DOWNSTREAM,5,5,D4-S,LOAD+DOWNSTREAM,LOAD,2,1,0,0,nan,0,0,nan,1,1,nan,1,0,nan,MISS_DOWNSTREAM;SINGLE_ONLY_PREDICTION
phase6v2-r05-input-load-a01,INPUT_LOAD,5,5,D4-S,INPUT+LOAD,LOAD,2,1,1,0,nan,0,0,nan,1,1,nan,0,0,nan,MISS_INPUT;SINGLE_ONLY_PREDICTION
phase6v2-r05-output-load-a01,OUTPUT_LOAD,5,5,D4-S,OUTPUT+LOAD,LOAD,2,1,0,0,nan,1,0,nan,1,1,nan,0,0,nan,MISS_OUTPUT;SINGLE_ONLY_PREDICTION
phase6v2-r06-input-load-a01,INPUT_LOAD,6,6,D4-S,INPUT+LOAD,LOAD,2,1,1,0,nan,0,0,nan,1,1,nan,0,0,nan,MISS_INPUT;SINGLE_ONLY_PREDICTION
phase6v2-r06-load-downstream-a01,LOAD_DOWNSTREAM,6,6,D4-S,LOAD+DOWNSTREAM,LOAD,2,1,0,0,nan,0,0,nan,1,1,nan,1,0,nan,MISS_DOWNSTREAM;SINGLE_ONLY_PREDICTION
phase6v2-r06-output-load-a01,OUTPUT_LOAD,6,6,D4-S,OUTPUT+LOAD,LOAD,2,1,0,0,nan,1,0,nan,1,1,nan,0,0,nan,MISS_OUTPUT;SINGLE_ONLY_PREDICTION
phase6v2-r06-input-downstream-a01,INPUT_DOWNSTREAM,6,6,D4-S,INPUT+DOWNSTREAM,NONE,2,0,1,0,nan,0,0,nan,0,0,nan,1,0,nan,MISS_INPUT;MISS_DOWNSTREAM;MISS_BOTH;EMPTY_PREDICTION
phase6v2-r06-output-downstream-a01,OUTPUT_DOWNSTREAM,6,6,D4-S,OUTPUT+DOWNSTREAM,OUTPUT+LOAD,2,2,0,0,nan,1,1,nan,0,1,nan,1,0,nan,MISS_DOWNSTREAM;EXTRA_CAUSE
phase6v2-r07-output-load-a01,OUTPUT_LOAD,7,7,D4-S,OUTPUT+LOAD,LOAD,2,1,0,0,nan,1,0,nan,1,1,nan,0,0,nan,MISS_OUTPUT;SINGLE_ONLY_PREDICTION
phase6v2-r07-load-downstream-a01,LOAD_DOWNSTREAM,7,7,D4-S,LOAD+DOWNSTREAM,LOAD,2,1,0,0,nan,0,0,nan,1,1,nan,1,0,nan,MISS_DOWNSTREAM;SINGLE_ONLY_PREDICTION
phase6v2-r07-input-downstream-a01,INPUT_DOWNSTREAM,7,7,D4-S,INPUT+DOWNSTREAM,NONE,2,0,1,0,nan,0,0,nan,0,0,nan,1,0,nan,MISS_INPUT;MISS_DOWNSTREAM;MISS_BOTH;EMPTY_PREDICTION
phase6v2-r07-input-load-a01,INPUT_LOAD,7,7,D4-S,INPUT+LOAD,LOAD,2,1,1,0,nan,0,0,nan,1,1,nan,0,0,nan,MISS_INPUT;SINGLE_ONLY_PREDICTION
phase6v2-r07-output-downstream-a01,OUTPUT_DOWNSTREAM,7,7,D4-S,OUTPUT+DOWNSTREAM,OUTPUT+LOAD,2,2,0,0,nan,1,1,nan,0,1,nan,1,0,nan,MISS_DOWNSTREAM;EXTRA_CAUSE
phase6v2-r08-input-load-a01,INPUT_LOAD,8,8,D4-S,INPUT+LOAD,LOAD,2,1,1,0,nan,0,0,nan,1,1,nan,0,0,nan,MISS_INPUT;SINGLE_ONLY_PREDICTION
phase6v2-r08-output-load-a01,OUTPUT_LOAD,8,8,D4-S,OUTPUT+LOAD,LOAD,2,1,0,0,nan,1,0,nan,1,1,nan,0,0,nan,MISS_OUTPUT;SINGLE_ONLY_PREDICTION
phase6v2-r08-output-downstream-a01,OUTPUT_DOWNSTREAM,8,8,D4-S,OUTPUT+DOWNSTREAM,OUTPUT+LOAD,2,2,0,0,nan,1,1,nan,0,1,nan,1,0,nan,MISS_DOWNSTREAM;EXTRA_CAUSE
phase6v2-r08-input-downstream-a01,INPUT_DOWNSTREAM,8,8,D4-S,INPUT+DOWNSTREAM,LOAD,2,1,1,0,nan,0,0,nan,0,1,nan,1,0,nan,MISS_INPUT;MISS_DOWNSTREAM;MISS_BOTH;EXTRA_CAUSE;SINGLE_ONLY_PREDICTION
phase6v2-r08-load-downstream-a01,LOAD_DOWNSTREAM,8,8,D4-S,LOAD+DOWNSTREAM,LOAD,2,1,0,0,nan,0,0,nan,1,1,nan,1,0,nan,MISS_DOWNSTREAM;SINGLE_ONLY_PREDICTION
phase6v2-r01-input-load-a01,INPUT_LOAD,1,1,D4-SM,INPUT+LOAD,OUTPUT+LOAD,2,2,1,0,nan,0,1,nan,1,1,nan,0,0,nan,MISS_INPUT;EXTRA_CAUSE
phase6v2-r01-input-downstream-a01,INPUT_DOWNSTREAM,1,1,D4-SM,INPUT+DOWNSTREAM,LOAD+DOWNSTREAM,2,2,1,0,nan,0,0,nan,0,1,nan,1,1,nan,MISS_INPUT;EXTRA_CAUSE
phase6v2-r02-input-downstream-a01,INPUT_DOWNSTREAM,2,2,D4-SM,INPUT+DOWNSTREAM,LOAD+DOWNSTREAM,2,2,1,0,nan,0,0,nan,0,1,nan,1,1,nan,MISS_INPUT;EXTRA_CAUSE
phase6v2-r02-input-load-a01,INPUT_LOAD,2,2,D4-SM,INPUT+LOAD,OUTPUT+LOAD,2,2,1,0,nan,0,1,nan,1,1,nan,0,0,nan,MISS_INPUT;EXTRA_CAUSE
phase6v2-r03-input-downstream-a01,INPUT_DOWNSTREAM,3,3,D4-SM,INPUT+DOWNSTREAM,LOAD+DOWNSTREAM,2,2,1,0,nan,0,0,nan,0,1,nan,1,1,nan,MISS_INPUT;EXTRA_CAUSE
phase6v2-r03-input-load-a01,INPUT_LOAD,3,3,D4-SM,INPUT+LOAD,OUTPUT+LOAD,2,2,1,0,nan,0,1,nan,1,1,nan,0,0,nan,MISS_INPUT;EXTRA_CAUSE
phase6v2-r04-input-load-a01,INPUT_LOAD,4,4,D4-SM,INPUT+LOAD,OUTPUT+LOAD,2,2,1,0,nan,0,1,nan,1,1,nan,0,0,nan,MISS_INPUT;EXTRA_CAUSE
phase6v2-r04-input-downstream-a01,INPUT_DOWNSTREAM,4,4,D4-SM,INPUT+DOWNSTREAM,LOAD+DOWNSTREAM,2,2,1,0,nan,0,0,nan,0,1,nan,1,1,nan,MISS_INPUT;EXTRA_CAUSE
phase6v2-r05-input-downstream-a01,INPUT_DOWNSTREAM,5,5,D4-SM,INPUT+DOWNSTREAM,LOAD+DOWNSTREAM,2,2,1,0,nan,0,0,nan,0,1,nan,1,1,nan,MISS_INPUT;EXTRA_CAUSE
phase6v2-r05-input-load-a01,INPUT_LOAD,5,5,D4-SM,INPUT+LOAD,OUTPUT+LOAD,2,2,1,0,nan,0,1,nan,1,1,nan,0,0,nan,MISS_INPUT;EXTRA_CAUSE
phase6v2-r06-input-load-a01,INPUT_LOAD,6,6,D4-SM,INPUT+LOAD,OUTPUT+LOAD,2,2,1,0,nan,0,1,nan,1,1,nan,0,0,nan,MISS_INPUT;EXTRA_CAUSE
phase6v2-r06-input-downstream-a01,INPUT_DOWNSTREAM,6,6,D4-SM,INPUT+DOWNSTREAM,LOAD+DOWNSTREAM,2,2,1,0,nan,0,0,nan,0,1,nan,1,1,nan,MISS_INPUT;EXTRA_CAUSE
phase6v2-r07-input-downstream-a01,INPUT_DOWNSTREAM,7,7,D4-SM,INPUT+DOWNSTREAM,LOAD+DOWNSTREAM,2,2,1,0,nan,0,0,nan,0,1,nan,1,1,nan,MISS_INPUT;EXTRA_CAUSE
phase6v2-r07-input-load-a01,INPUT_LOAD,7,7,D4-SM,INPUT+LOAD,OUTPUT+LOAD,2,2,1,0,nan,0,1,nan,1,1,nan,0,0,nan,MISS_INPUT;EXTRA_CAUSE
phase6v2-r08-input-load-a01,INPUT_LOAD,8,8,D4-SM,INPUT+LOAD,OUTPUT+LOAD,2,2,1,0,nan,0,1,nan,1,1,nan,0,0,nan,MISS_INPUT;EXTRA_CAUSE
phase6v2-r08-input-downstream-a01,INPUT_DOWNSTREAM,8,8,D4-SM,INPUT+DOWNSTREAM,LOAD+DOWNSTREAM,2,2,1,0,nan,0,0,nan,0,1,nan,1,1,nan,MISS_INPUT;EXTRA_CAUSE
phase6v2-r01-input-load-a01,INPUT_LOAD,1,1,D4-SMT,INPUT+LOAD,OUTPUT+LOAD,2,2,1,0,nan,0,1,nan,1,1,nan,0,0,nan,MISS_INPUT;EXTRA_CAUSE
phase6v2-r01-input-downstream-a01,INPUT_DOWNSTREAM,1,1,D4-SMT,INPUT+DOWNSTREAM,LOAD+DOWNSTREAM,2,2,1,0,nan,0,0,nan,0,1,nan,1,1,nan,MISS_INPUT;EXTRA_CAUSE
phase6v2-r02-input-downstream-a01,INPUT_DOWNSTREAM,2,2,D4-SMT,INPUT+DOWNSTREAM,LOAD+DOWNSTREAM,2,2,1,0,nan,0,0,nan,0,1,nan,1,1,nan,MISS_INPUT;EXTRA_CAUSE
phase6v2-r02-input-load-a01,INPUT_LOAD,2,2,D4-SMT,INPUT+LOAD,OUTPUT+LOAD,2,2,1,0,nan,0,1,nan,1,1,nan,0,0,nan,MISS_INPUT;EXTRA_CAUSE
phase6v2-r03-input-downstream-a01,INPUT_DOWNSTREAM,3,3,D4-SMT,INPUT+DOWNSTREAM,LOAD+DOWNSTREAM,2,2,1,0,nan,0,0,nan,0,1,nan,1,1,nan,MISS_INPUT;EXTRA_CAUSE
phase6v2-r03-input-load-a01,INPUT_LOAD,3,3,D4-SMT,INPUT+LOAD,OUTPUT+LOAD,2,2,1,0,nan,0,1,nan,1,1,nan,0,0,nan,MISS_INPUT;EXTRA_CAUSE
phase6v2-r04-input-load-a01,INPUT_LOAD,4,4,D4-SMT,INPUT+LOAD,OUTPUT+LOAD,2,2,1,0,nan,0,1,nan,1,1,nan,0,0,nan,MISS_INPUT;EXTRA_CAUSE
phase6v2-r04-input-downstream-a01,INPUT_DOWNSTREAM,4,4,D4-SMT,INPUT+DOWNSTREAM,LOAD+DOWNSTREAM,2,2,1,0,nan,0,0,nan,0,1,nan,1,1,nan,MISS_INPUT;EXTRA_CAUSE
phase6v2-r05-input-downstream-a01,INPUT_DOWNSTREAM,5,5,D4-SMT,INPUT+DOWNSTREAM,LOAD+DOWNSTREAM,2,2,1,0,nan,0,0,nan,0,1,nan,1,1,nan,MISS_INPUT;EXTRA_CAUSE
phase6v2-r05-input-load-a01,INPUT_LOAD,5,5,D4-SMT,INPUT+LOAD,OUTPUT+LOAD,2,2,1,0,nan,0,1,nan,1,1,nan,0,0,nan,MISS_INPUT;EXTRA_CAUSE
phase6v2-r06-input-load-a01,INPUT_LOAD,6,6,D4-SMT,INPUT+LOAD,OUTPUT+LOAD,2,2,1,0,nan,0,1,nan,1,1,nan,0,0,nan,MISS_INPUT;EXTRA_CAUSE
phase6v2-r06-input-downstream-a01,INPUT_DOWNSTREAM,6,6,D4-SMT,INPUT+DOWNSTREAM,LOAD+DOWNSTREAM,2,2,1,0,nan,0,0,nan,0,1,nan,1,1,nan,MISS_INPUT;EXTRA_CAUSE
phase6v2-r07-input-downstream-a01,INPUT_DOWNSTREAM,7,7,D4-SMT,INPUT+DOWNSTREAM,LOAD+DOWNSTREAM,2,2,1,0,nan,0,0,nan,0,1,nan,1,1,nan,MISS_INPUT;EXTRA_CAUSE
phase6v2-r07-input-load-a01,INPUT_LOAD,7,7,D4-SMT,INPUT+LOAD,OUTPUT+LOAD,2,2,1,0,nan,0,1,nan,1,1,nan,0,0,nan,MISS_INPUT;EXTRA_CAUSE
phase6v2-r08-input-load-a01,INPUT_LOAD,8,8,D4-SMT,INPUT+LOAD,OUTPUT+LOAD,2,2,1,0,nan,0,1,nan,1,1,nan,0,0,nan,MISS_INPUT;EXTRA_CAUSE
phase6v2-r08-input-downstream-a01,INPUT_DOWNSTREAM,8,8,D4-SMT,INPUT+DOWNSTREAM,LOAD+DOWNSTREAM,2,2,1,0,nan,0,0,nan,0,1,nan,1,1,nan,MISS_INPUT;EXTRA_CAUSE
phase6v2-r01-input-load-a01,INPUT_LOAD,1,1,M2/F2,INPUT+LOAD,LOAD,2,1,1,0,0.008506793824096807,0,0,0.06540043165843443,1,1,0.9999999999999203,0,0,0.02388642675314852,MISS_INPUT;SINGLE_ONLY_PREDICTION
phase6v2-r01-input-downstream-a01,INPUT_DOWNSTREAM,1,1,M2/F2,INPUT+DOWNSTREAM,DOWNSTREAM,2,1,1,0,0.22313058023522545,0,0,0.0251627151917069,0,0,0.05369658622863225,1,1,0.9965503543340863,MISS_INPUT;SINGLE_ONLY_PREDICTION
phase6v2-r01-output-load-a01,OUTPUT_LOAD,1,1,M2/F2,OUTPUT+LOAD,LOAD,2,1,0,0,0.00023106285447170585,1,0,0.45712458909381287,1,1,1.0,0,0,0.018322141713565568,MISS_OUTPUT;SINGLE_ONLY_PREDICTION
phase6v2-r02-input-downstream-a01,INPUT_DOWNSTREAM,2,2,M2/F2,INPUT+DOWNSTREAM,DOWNSTREAM,2,1,1,0,0.33513954312388367,0,0,0.03388653538910634,0,0,0.05458303774529066,1,1,0.9973846411111269,MISS_INPUT;SINGLE_ONLY_PREDICTION
phase6v2-r02-input-load-a01,INPUT_LOAD,2,2,M2/F2,INPUT+LOAD,LOAD,2,1,1,0,0.0030493409515070817,0,0,0.08359092292295864,1,1,0.999999999999958,0,0,0.027289737792865264,MISS_INPUT;SINGLE_ONLY_PREDICTION
phase6v2-r03-input-downstream-a01,INPUT_DOWNSTREAM,3,3,M2/F2,INPUT+DOWNSTREAM,DOWNSTREAM,2,1,1,0,0.12596465359429845,0,0,0.02631704226770185,0,0,0.060309770870380246,1,1,0.9971055135442921,MISS_INPUT;SINGLE_ONLY_PREDICTION
phase6v2-r03-input-load-a01,INPUT_LOAD,3,3,M2/F2,INPUT+LOAD,LOAD,2,1,1,0,0.006344275400465808,0,0,0.11745336865374711,1,1,0.999999999999972,0,0,0.029431437968116824,MISS_INPUT;SINGLE_ONLY_PREDICTION
phase6v2-r04-input-load-a01,INPUT_LOAD,4,4,M2/F2,INPUT+LOAD,LOAD,2,1,1,0,0.009497451112927206,0,0,0.12086484764557318,1,1,0.9999999999999705,0,0,0.028358673432622508,MISS_INPUT;SINGLE_ONLY_PREDICTION
phase6v2-r04-input-downstream-a01,INPUT_DOWNSTREAM,4,4,M2/F2,INPUT+DOWNSTREAM,DOWNSTREAM,2,1,1,0,0.1076417117961273,0,0,0.022823412202889807,0,0,0.060953560639526165,1,1,0.9970506681237341,MISS_INPUT;SINGLE_ONLY_PREDICTION
phase6v2-r05-input-downstream-a01,INPUT_DOWNSTREAM,5,5,M2/F2,INPUT+DOWNSTREAM,DOWNSTREAM,2,1,1,0,0.22721952415832605,0,0,0.02749730885272447,0,0,0.05427759395555894,1,1,0.9970058382877987,MISS_INPUT;SINGLE_ONLY_PREDICTION
phase6v2-r05-input-load-a01,INPUT_LOAD,5,5,M2/F2,INPUT+LOAD,LOAD,2,1,1,0,0.005301475511711012,0,0,0.09884812225902313,1,1,0.9999999999999059,0,0,0.03003594379103502,MISS_INPUT;SINGLE_ONLY_PREDICTION
phase6v2-r06-input-load-a01,INPUT_LOAD,6,6,M2/F2,INPUT+LOAD,LOAD,2,1,1,0,0.0070398036273855834,0,0,0.10391469199966338,1,1,0.9999999999998972,0,0,0.029443834923017897,MISS_INPUT;SINGLE_ONLY_PREDICTION
phase6v2-r06-input-downstream-a01,INPUT_DOWNSTREAM,6,6,M2/F2,INPUT+DOWNSTREAM,DOWNSTREAM,2,1,1,0,0.1118704508089914,0,0,0.025966784686531685,0,0,0.05979810103486729,1,1,0.9970012770630298,MISS_INPUT;SINGLE_ONLY_PREDICTION
phase6v2-r07-input-downstream-a01,INPUT_DOWNSTREAM,7,7,M2/F2,INPUT+DOWNSTREAM,DOWNSTREAM,2,1,1,0,0.11307005066363678,0,0,0.024208368648597763,0,0,0.05881555343865872,1,1,0.9971018371961711,MISS_INPUT;SINGLE_ONLY_PREDICTION
phase6v2-r07-input-load-a01,INPUT_LOAD,7,7,M2/F2,INPUT+LOAD,LOAD,2,1,1,0,0.004576043435513753,0,0,0.11084723809512595,1,1,0.9999999999999531,0,0,0.0286113520220306,MISS_INPUT;SINGLE_ONLY_PREDICTION
phase6v2-r08-input-load-a01,INPUT_LOAD,8,8,M2/F2,INPUT+LOAD,LOAD,2,1,1,0,0.003234725590676139,0,0,0.10069213776564699,1,1,0.9999999999999407,0,0,0.028724972908876257,MISS_INPUT;SINGLE_ONLY_PREDICTION
phase6v2-r08-input-downstream-a01,INPUT_DOWNSTREAM,8,8,M2/F2,INPUT+DOWNSTREAM,DOWNSTREAM,2,1,1,0,0.14358813675909163,0,0,0.023554842608068463,0,0,0.06260683167318748,1,1,0.9971205530942006,MISS_INPUT;SINGLE_ONLY_PREDICTION
phase6v2-r02-input-downstream-a01,INPUT_DOWNSTREAM,2,2,M2/F2T,INPUT+DOWNSTREAM,DOWNSTREAM,2,1,1,0,0.3530874139979799,0,0,0.030796879984061033,0,0,0.05455499538192697,1,1,0.9990825719149965,MISS_INPUT;SINGLE_ONLY_PREDICTION
phase6v2-r04-output-load-a01,OUTPUT_LOAD,4,4,M2/F2T,OUTPUT+LOAD,LOAD,2,1,0,0,0.0010973167009473987,1,0,0.40663062951486156,1,1,1.0,0,0,0.027761077586907185,MISS_OUTPUT;SINGLE_ONLY_PREDICTION
phase6v2-r04-input-downstream-a01,INPUT_DOWNSTREAM,4,4,M2/F2T,INPUT+DOWNSTREAM,DOWNSTREAM,2,1,1,0,0.4346958969377686,0,0,0.030829375550386572,0,0,0.04439633047662082,1,1,0.9992040891187833,MISS_INPUT;SINGLE_ONLY_PREDICTION
phase6v2-r05-output-load-a01,OUTPUT_LOAD,5,5,M2/F2T,OUTPUT+LOAD,LOAD,2,1,0,0,0.025015739346947577,1,0,0.4258373300814963,1,1,1.0,0,0,0.034139173433450014,MISS_OUTPUT;SINGLE_ONLY_PREDICTION
phase6v2-r07-output-load-a01,OUTPUT_LOAD,7,7,M2/F2T,OUTPUT+LOAD,LOAD,2,1,0,0,0.45431787432098264,1,0,0.4415746346325398,1,1,1.0,0,0,0.03514166279539311,MISS_OUTPUT;SINGLE_ONLY_PREDICTION
phase6v2-r08-output-load-a01,OUTPUT_LOAD,8,8,M2/F2T,OUTPUT+LOAD,INPUT+OUTPUT+LOAD,2,3,0,1,0.931800220150184,1,1,0.6061335325074911,1,1,1.0,0,0,0.06701901896578659,EXTRA_CAUSE
phase6v2-r08-input-downstream-a01,INPUT_DOWNSTREAM,8,8,M2/F2T,INPUT+DOWNSTREAM,DOWNSTREAM,2,1,1,0,0.44092193960365433,0,0,0.02496986247375409,0,0,0.03915040135663475,1,1,0.9989537513406194,MISS_INPUT;SINGLE_ONLY_PREDICTION
