method,condition_id,n,exact_set_accuracy,jaccard,complete_cause_recall,partial_cause_recall,micro_f1,macro_f1,over_attribution,under_attribution,control_false_alarm_rate
D4-FULL,INPUT_DOWNSTREAM,8,0.0,0.3958333333333333,0.0,0.5,0.5517241379310345,0.25,0.625,1.0,
D4-FULL,INPUT_LOAD,8,0.0,0.3333333333333333,0.0,0.5,0.5,0.25,1.0,1.0,
D4-FULL,LOAD_DOWNSTREAM,8,1.0,1.0,1.0,1.0,1.0,0.5,0.0,0.0,
D4-FULL,OUTPUT_DOWNSTREAM,8,1.0,1.0,1.0,1.0,1.0,0.5,0.0,0.0,
D4-FULL,OUTPUT_LOAD,8,0.875,0.9375,0.875,0.9375,0.967741935483871,0.48333333333333334,0.0,0.125,
D4-FULL-F3,INPUT_DOWNSTREAM,8,0.625,0.75,0.625,0.8125,0.8125,0.4423076923076923,0.375,0.375,
D4-FULL-F3,INPUT_LOAD,8,0.0,0.375,0.0,0.5,0.5333333333333333,0.25,0.75,1.0,
D4-FULL-F3,LOAD_DOWNSTREAM,8,1.0,1.0,1.0,1.0,1.0,0.5,0.0,0.0,
D4-FULL-F3,OUTPUT_DOWNSTREAM,8,1.0,1.0,1.0,1.0,1.0,0.5,0.0,0.0,
D4-FULL-F3,OUTPUT_LOAD,8,0.875,0.9375,0.875,0.9375,0.967741935483871,0.48333333333333334,0.0,0.125,
D4-S,INPUT_DOWNSTREAM,8,0.0,0.0,0.0,0.0,0,0.0,0.25,1.0,
D4-S,INPUT_LOAD,8,0.0,0.5,0.0,0.5,0.6666666666666666,0.25,0.0,1.0,
D4-S,LOAD_DOWNSTREAM,8,0.0,0.5,0.0,0.5,0.6666666666666666,0.25,0.0,1.0,
D4-S,OUTPUT_DOWNSTREAM,8,0.0,0.29166666666666663,0.0,0.4375,0.45161290322580644,0.23333333333333334,1.0,1.0,
D4-S,OUTPUT_LOAD,8,0.0,0.5,0.0,0.5,0.6666666666666666,0.25,0.0,1.0,
D4-SM,INPUT_DOWNSTREAM,8,0.0,0.3333333333333333,0.0,0.5,0.5,0.25,1.0,1.0,
D4-SM,INPUT_LOAD,8,0.0,0.3333333333333333,0.0,0.5,0.5,0.25,1.0,1.0,
D4-SM,LOAD_DOWNSTREAM,8,1.0,1.0,1.0,1.0,1.0,0.5,0.0,0.0,
D4-SM,OUTPUT_DOWNSTREAM,8,1.0,1.0,1.0,1.0,1.0,0.5,0.0,0.0,
D4-SM,OUTPUT_LOAD,8,1.0,1.0,1.0,1.0,1.0,0.5,0.0,0.0,
D4-SMT,INPUT_DOWNSTREAM,8,0.0,0.3333333333333333,0.0,0.5,0.5,0.25,1.0,1.0,
D4-SMT,INPUT_LOAD,8,0.0,0.3333333333333333,0.0,0.5,0.5,0.25,1.0,1.0,
D4-SMT,LOAD_DOWNSTREAM,8,1.0,1.0,1.0,1.0,1.0,0.5,0.0,0.0,
D4-SMT,OUTPUT_DOWNSTREAM,8,1.0,1.0,1.0,1.0,1.0,0.5,0.0,0.0,
D4-SMT,OUTPUT_LOAD,8,1.0,1.0,1.0,1.0,1.0,0.5,0.0,0.0,
M2/F2,INPUT_DOWNSTREAM,8,0.0,0.5,0.0,0.5,0.6666666666666666,0.25,0.0,1.0,
M2/F2,INPUT_LOAD,8,0.0,0.5,0.0,0.5,0.6666666666666666,0.25,0.0,1.0,
M2/F2,LOAD_DOWNSTREAM,8,1.0,1.0,1.0,1.0,1.0,0.5,0.0,0.0,
M2/F2,OUTPUT_DOWNSTREAM,8,1.0,1.0,1.0,1.0,1.0,0.5,0.0,0.0,
M2/F2,OUTPUT_LOAD,8,0.875,0.9375,0.875,0.9375,0.967741935483871,0.48333333333333334,0.0,0.125,
M2/F2T,INPUT_DOWNSTREAM,8,0.625,0.8125,0.625,0.8125,0.896551724137931,0.4423076923076923,0.0,0.375,
M2/F2T,INPUT_LOAD,8,1.0,1.0,1.0,1.0,1.0,0.5,0.0,0.0,
M2/F2T,LOAD_DOWNSTREAM,8,1.0,1.0,1.0,1.0,1.0,0.5,0.0,0.0,
M2/F2T,OUTPUT_DOWNSTREAM,8,1.0,1.0,1.0,1.0,1.0,0.5,0.0,0.0,
M2/F2T,OUTPUT_LOAD,8,0.5,0.7708333333333333,0.625,0.8125,0.8666666666666666,0.4423076923076923,0.125,0.375,
