method,subset,n,exact_set_accuracy,jaccard,complete_cause_recall,partial_cause_recall,micro_f1,macro_f1,over_attribution,under_attribution,control_false_alarm_rate
D4-FULL,P1-ALL,104,0.6634615384615384,0.7483974358974359,0.7272727272727273,0.8238636363636364,0.8030888030888031,0.6812001979245926,0.25,0.23076923076923078,0.375
D4-FULL,P1-COMPOUND,40,0.575,0.7333333333333333,0.575,0.7875,0.8076923076923076,0.668722786647315,0.325,0.425,
D4-FULL,P1-SINGLE,48,0.75,0.8020833333333334,0.8541666666666666,0.8541666666666666,0.8541666666666666,0.7370775423407002,0.14583333333333334,0.14583333333333334,
D4-FULL-F3,P1-ALL,104,0.7596153846153846,0.8317307692307693,0.8522727272727273,0.9204545454545454,0.8646616541353384,0.826206055750094,0.21153846153846154,0.125,0.375
D4-FULL-F3,P1-COMPOUND,40,0.7,0.8125,0.7,0.85,0.8662420382165604,0.8070444393973806,0.225,0.3,
D4-FULL-F3,P1-SINGLE,48,0.8541666666666666,0.9166666666666666,0.9791666666666666,0.9791666666666666,0.9215686274509804,0.914855320118478,0.14583333333333334,0.020833333333333332,
D4-S,P1-ALL,104,0.3173076923076923,0.4599358974358974,0.2840909090909091,0.4602272727272727,0.5410628019323671,0.4173913043478261,0.21153846153846154,0.6057692307692307,0.4375
D4-S,P1-COMPOUND,40,0.0,0.3583333333333333,0.0,0.3875,0.5123966942148761,0.35907046476761617,0.25,1.0,
D4-S,P1-SINGLE,48,0.5,0.5104166666666666,0.5208333333333334,0.5208333333333334,0.6410256410256411,0.5297385620915032,0.10416666666666667,0.4791666666666667,
D4-SM,P1-ALL,104,0.6634615384615384,0.7435897435897435,0.7386363636363636,0.8295454545454546,0.7984790874524715,0.6789863695883323,0.27884615384615385,0.22115384615384615,0.375
D4-SM,P1-COMPOUND,40,0.6,0.7333333333333333,0.6,0.8,0.8000000000000002,0.6642857142857143,0.4,0.4,
D4-SM,P1-SINGLE,48,0.7291666666666666,0.7916666666666666,0.8541666666666666,0.8541666666666666,0.8541666666666666,0.7383040935672515,0.14583333333333334,0.14583333333333334,
D4-SMT,P1-ALL,104,0.6346153846153846,0.7147435897435896,0.7272727272727273,0.8181818181818182,0.787878787878788,0.6554865424430643,0.2980769230769231,0.23076923076923078,0.5
D4-SMT,P1-COMPOUND,40,0.6,0.7333333333333333,0.6,0.8,0.8000000000000002,0.6642857142857143,0.4,0.4,
D4-SMT,P1-SINGLE,48,0.7083333333333334,0.7708333333333334,0.8333333333333334,0.8333333333333334,0.8421052631578947,0.6777183600713013,0.14583333333333334,0.16666666666666666,
M2/F2,P1-ALL,104,0.7307692307692307,0.8125,0.8068181818181818,0.9034090909090909,0.888,0.8368325265488386,0.10576923076923077,0.16346153846153846,0.6875
M2/F2,P1-COMPOUND,40,0.575,0.7875,0.575,0.7875,0.881118881118881,0.7419354838709677,0.0,0.425,
M2/F2,P1-SINGLE,48,1.0,1.0,1.0,1.0,1.0,1.0,0.0,0.0,
M2/F2T,P1-ALL,104,0.9134615384615384,0.953525641025641,0.9318181818181818,0.9659090909090909,0.9644268774703557,0.9520833333333334,0.028846153846153848,0.057692307692307696,0.0625
M2/F2T,P1-COMPOUND,40,0.825,0.9166666666666667,0.85,0.925,0.9548387096774195,0.9408045977011494,0.025,0.15,
M2/F2T,P1-SINGLE,48,0.9791666666666666,0.9895833333333334,1.0,1.0,0.9896907216494846,0.9852941176470589,0.020833333333333332,0.0,
