attempt,campaign_id,condition_id,config_hash,config_path,planned_order,repetition,run_directory,run_id,telemetry_config,workload,request_rows,system_metric_rows,runtime_metric_rows,trace_rows,request_bytes,system_metric_bytes,runtime_metric_bytes,trace_bytes,optional_telemetry_bytes,total_artifact_bytes,optional_telemetry_bytes_per_measured_request,total_artifact_bytes_per_measured_request,telemetry_rows_per_measured_request,run_wall_duration_seconds,measured_window_duration_seconds,warmup_duration_seconds,post_workload_finalization_seconds,ttft_p95,total_latency_p95,post_first_token_duration_p95,successful_requests_per_second,scheduler_slip_p95,successful_measured,failed_measured,admission_failures,warmup_successes,gateway_reconciliation_required,gateway_reconciliation_resolved,gateway_reconciliation_unresolved
1,sloscope-telemetry-cost-v1,BASELINE,c308af9cdce7621a0d8cb9902a5d4baf8c15256fac9a48ca639adebb215feeb3,configs/phase7f-cost/runs/phase7f-r01-baseline-t1-no-host-a01.json,1,1,runs/phase7f-cost/phase7f-r01-baseline-t1-no-host-a01,phase7f-r01-baseline-t1-no-host-a01,T1_NO_HOST,BASELINE,40,0,109,120,13675,4599,4563,11565,20727,58641,518.175,1466.025,5.725,12.0,9.915139582997654,0.6671624169975985,,0.04908774855139199,0.17319649409982957,0.12409135384805267,4.034234683754876,0.0011812750002718531,40,0,0,5,0,0,0
1,sloscope-telemetry-cost-v1,BASELINE,74bf9d88a2a8a814a2ff8e2ed570b6e50f18d611999a19379f35bd3ddcace993,configs/phase7f-cost/runs/phase7f-r01-baseline-t2-no-runtime-a01.json,2,1,runs/phase7f-cost/phase7f-r01-baseline-t2-no-runtime-a01,phase7f-r01-baseline-t2-no-runtime-a01,T2_NO_RUNTIME,BASELINE,40,109,0,120,13687,9000,1775,11581,22356,60434,558.9,1510.85,5.725,12.0,9.914889084000606,0.7592915830027778,,0.051905633650312664,0.17704836904449622,0.1266609749975032,4.034336608419245,0.0011985771045146974,40,0,0,5,0,0,0
1,sloscope-telemetry-cost-v1,BASELINE,7fe9cae06f3d3a4a6ec7668b557685eacf27c1e341b8bdc9e31a9c898bea4686,configs/phase7f-cost/runs/phase7f-r01-baseline-t0-full-a01.json,3,1,runs/phase7f-cost/phase7f-r01-baseline-t0-full-a01,phase7f-r01-baseline-t0-full-a01,T0_FULL,BASELINE,40,109,109,120,13657,8925,4540,11532,24997,62757,624.925,1568.925,8.45,12.0,9.908859749994008,0.7881408749963157,,0.05635263780786772,0.1864293955506582,0.1328389086513198,4.036791417904991,0.0012131107563618571,40,0,0,5,0,0,0
1,sloscope-telemetry-cost-v1,BASELINE,e9a14fbc613e63c3809c939653e1c070132e8dd0bfc7022f90e6c6fdf1ebc51f,configs/phase7f-cost/runs/phase7f-r01-baseline-t3-light-a01.json,4,1,runs/phase7f-cost/phase7f-r01-baseline-t3-light-a01,phase7f-r01-baseline-t3-light-a01,T3_LIGHT,BASELINE,40,0,0,120,13671,4599,1775,11550,17924,55744,448.1,1393.6,3.0,11.0,9.91521362500498,0.663104666993604,,0.05274482674503815,0.18165847144337022,0.12897507920060888,4.034204558046515,0.0011861006430990528,40,0,0,5,0,0,0
1,sloscope-telemetry-cost-v1,LOAD_MEDIUM,14852df960a640f811d64cf61d3455e77294e178520aa3a81689dbe2f2bcc05e,configs/phase7f-cost/runs/phase7f-r01-load-medium-t1-no-host-a01.json,5,1,runs/phase7f-cost/phase7f-r01-load-medium-t1-no-host-a01,phase7f-r01-load-medium-t1-no-host-a01,T1_NO_HOST,LOAD_MEDIUM,40,0,54,120,13718,4599,3734,11593,19926,58363,498.15,1459.075,4.35,6.0,4.317439207996358,0.678214207990095,,0.9087110041611595,1.067992924700229,0.1821213964598428,9.264751180726698,0.0011082031996920705,40,0,0,5,0,0,0
1,sloscope-telemetry-cost-v1,LOAD_MEDIUM,e0b108c4c6b6d27c3cc63de605cfb94ccfdabbc68e0bf65da1664a998ed97ac6,configs/phase7f-cost/runs/phase7f-r01-load-medium-t3-light-a01.json,6,1,runs/phase7f-cost/phase7f-r01-load-medium-t3-light-a01,phase7f-r01-load-medium-t3-light-a01,T3_LIGHT,LOAD_MEDIUM,40,0,0,120,13707,4599,1775,11574,17948,56295,448.7,1407.375,3.0,6.0,4.459813791996567,0.6424444589938503,,1.0554035475943235,1.222555323195411,0.18602023720522992,8.968984326606341,0.0011205121416423935,40,0,0,5,0,0,0
1,sloscope-telemetry-cost-v1,LOAD_MEDIUM,2e6217b10ac56cec8e7153a3cee0752ac0ff0438c9f76689044ece01f2d4771b,configs/phase7f-cost/runs/phase7f-r01-load-medium-t0-full-a01.json,7,1,runs/phase7f-cost/phase7f-r01-load-medium-t0-full-a01,phase7f-r01-load-medium-t0-full-a01,T0_FULL,LOAD_MEDIUM,40,55,55,120,13713,7834,3764,11572,23170,61476,579.25,1536.9,5.75,6.0,4.461137999998755,0.6394615830067778,,1.0683468086535868,1.2116868316035834,0.18572510204758147,8.966322046081329,0.0011208455514861268,40,0,0,5,0,0,0
1,sloscope-telemetry-cost-v1,LOAD_MEDIUM,6c5f2b70b17ab81644dbdbd87b1046bb8aa14ebbc1dc0ef552149e8df4ed5dd8,configs/phase7f-cost/runs/phase7f-r01-load-medium-t2-no-runtime-a01.json,8,1,runs/phase7f-cost/phase7f-r01-load-medium-t2-no-runtime-a01,phase7f-r01-load-medium-t2-no-runtime-a01,T2_NO_RUNTIME,LOAD_MEDIUM,40,55,0,120,13744,8009,1775,11587,21371,59988,534.275,1499.7,4.375,6.0,4.4202219159924425,0.6435845420055557,,0.9985816375105059,1.1636997705019894,0.18616480174241587,9.049319414321548,0.0011167413416842465,40,0,0,5,0,0,0
1,sloscope-telemetry-cost-v1,BASELINE,5b468c548bd8273da6a7d87c6a614cefbf442dca3fc31038ecb070edc18ffec8,configs/phase7f-cost/runs/phase7f-r02-baseline-t3-light-a01.json,9,2,runs/phase7f-cost/phase7f-r02-baseline-t3-light-a01,phase7f-r02-baseline-t3-light-a01,T3_LIGHT,BASELINE,40,0,0,120,13666,4599,1775,11552,17926,55735,448.15,1393.375,3.0,11.0,9.896272624988342,0.6394980839977507,,0.0555601059597393,0.1836497961463465,0.12941018924902892,4.041925835692822,0.0011759875014831778,40,0,0,5,0,0,0
1,sloscope-telemetry-cost-v1,BASELINE,a141020cb18e001baf4ee4a4d36a7d860e65abdf8f97dc6379e014255f7378d1,configs/phase7f-cost/runs/phase7f-r02-baseline-t0-full-a01.json,10,2,runs/phase7f-cost/phase7f-r02-baseline-t0-full-a01,phase7f-r02-baseline-t0-full-a01,T0_FULL,BASELINE,40,109,109,120,13660,8921,4539,11533,24993,62751,624.825,1568.775,8.45,12.0,9.909797458007233,0.6501885839970782,,0.05773985209743841,0.19384705834963825,0.13949783334610402,4.036409439193888,0.0011824062596133445,40,0,0,5,0,0,0
1,sloscope-telemetry-cost-v1,BASELINE,7b555b94996681f7ed0d6f1a3c3d492c9adbfe14e1372f4838ad2182db983b7e,configs/phase7f-cost/runs/phase7f-r02-baseline-t2-no-runtime-a01.json,11,2,runs/phase7f-cost/phase7f-r02-baseline-t2-no-runtime-a01,phase7f-r02-baseline-t2-no-runtime-a01,T2_NO_RUNTIME,BASELINE,40,109,0,120,13688,8951,1775,11587,22313,60390,557.825,1509.75,5.725,12.0,9.917294667000533,0.6575604999961797,,0.047391537149087525,0.17340847500236123,0.12625185800134203,4.0333580218301535,0.0011750851015676744,40,0,0,5,0,0,0
1,sloscope-telemetry-cost-v1,BASELINE,0659c2be2d71548bdf6e6bfa5651290588ab1f283dc74332cf66aa4b31626299,configs/phase7f-cost/runs/phase7f-r02-baseline-t1-no-host-a01.json,12,2,runs/phase7f-cost/phase7f-r02-baseline-t1-no-host-a01,phase7f-r02-baseline-t1-no-host-a01,T1_NO_HOST,BASELINE,40,0,109,120,13676,4599,4578,11566,20743,58669,518.575,1466.725,5.725,12.0,9.905738665998797,0.7864041249995353,,0.04808741460074088,0.17033055416104617,0.12322008924311376,4.038063323566067,0.001195329501933884,40,0,0,5,0,0,0
1,sloscope-telemetry-cost-v1,LOAD_MEDIUM,486c00f10695fa8fdf3ba36279cce5e6f367b5eb9fa4e925d63250b5ca252adb,configs/phase7f-cost/runs/phase7f-r02-load-medium-t2-no-runtime-a01.json,13,2,runs/phase7f-cost/phase7f-r02-load-medium-t2-no-runtime-a01,phase7f-r02-load-medium-t2-no-runtime-a01,T2_NO_RUNTIME,LOAD_MEDIUM,40,55,0,120,13731,7885,1775,11599,21259,59856,531.475,1496.4,4.375,6.0,4.434477166010765,0.6522549159999471,,0.9928272940946044,1.1729498624888948,0.1843296916464169,9.020229105381505,0.001105383651156444,40,0,0,5,0,0,0
1,sloscope-telemetry-cost-v1,LOAD_MEDIUM,85fe393db2709251819ca3a858fc1f035ea3220f0647f0ead3aaa3fc6fb919b0,configs/phase7f-cost/runs/phase7f-r02-load-medium-t1-no-host-a01.json,14,2,runs/phase7f-cost/phase7f-r02-load-medium-t1-no-host-a01,phase7f-r02-load-medium-t1-no-host-a01,T1_NO_HOST,LOAD_MEDIUM,40,0,55,120,13724,4599,3766,11598,19963,58423,499.075,1460.575,4.375,6.0,4.4141971670032945,0.645322208001744,,0.9703018235486524,1.1514703624990943,0.18275549581012457,9.06167044349656,0.0011021896090824157,40,0,0,5,0,0,0
1,sloscope-telemetry-cost-v1,LOAD_MEDIUM,ae9ddb306926674e50d93bb41405e80be4c495a9ce1c07533c3e516368351130,configs/phase7f-cost/runs/phase7f-r02-load-medium-t3-light-a01.json,15,2,runs/phase7f-cost/phase7f-r02-load-medium-t3-light-a01,phase7f-r02-load-medium-t3-light-a01,T3_LIGHT,LOAD_MEDIUM,40,0,0,120,13709,4599,1775,11572,17946,56292,448.65,1407.3,3.0,6.0,4.486240750004072,0.6487146250001388,,1.0374041705530543,1.218326634801633,0.1851929476048099,8.91615101128126,0.00110900239815237,40,0,0,5,0,0,0
1,sloscope-telemetry-cost-v1,LOAD_MEDIUM,000a5a055cfe0b3423ab1b2f313f205a5e02469f0b628ecc42365dc10bcf10da,configs/phase7f-cost/runs/phase7f-r02-load-medium-t0-full-a01.json,16,2,runs/phase7f-cost/phase7f-r02-load-medium-t0-full-a01,phase7f-r02-load-medium-t0-full-a01,T0_FULL,LOAD_MEDIUM,40,56,56,120,13711,7944,3783,11559,23286,61587,582.15,1539.675,5.8,6.0,4.497458416997688,0.6537712910067057,,1.0580986431516066,1.2373678973053757,0.1850321208112291,8.893912136869139,0.0011206086492165923,40,0,0,5,0,0,0
1,sloscope-telemetry-cost-v1,BASELINE,efc99631ec3b78d25d0da0d2ccf374c3598bd7e87d3f24eb6e53770f6c31e8d9,configs/phase7f-cost/runs/phase7f-r03-baseline-t3-light-a01.json,17,3,runs/phase7f-cost/phase7f-r03-baseline-t3-light-a01,phase7f-r03-baseline-t3-light-a01,T3_LIGHT,BASELINE,40,0,0,120,13668,4599,1775,11547,17921,55741,448.025,1393.525,3.0,12.0,9.935475459002191,0.7046925829927204,,0.05824593300276319,0.19470622290391476,0.14189534195611486,4.025977434603533,0.0011751298057788516,40,0,0,5,0,0,0
1,sloscope-telemetry-cost-v1,BASELINE,e982e6abe3bf920b28f9191066c970babd081793fb4969dfcc7afdeb4901f0f1,configs/phase7f-cost/runs/phase7f-r03-baseline-t1-no-host-a01.json,18,3,runs/phase7f-cost/phase7f-r03-baseline-t1-no-host-a01,phase7f-r03-baseline-t1-no-host-a01,T1_NO_HOST,BASELINE,40,0,109,120,13676,4599,4547,11548,20694,58619,517.35,1465.475,5.725,12.0,9.939142999995966,0.7886780830012867,,0.05580867500757449,0.18595547885197447,0.13148364374937954,4.0244918500534945,0.0011823389431810938,40,0,0,5,0,0,0
1,sloscope-telemetry-cost-v1,BASELINE,8a5be82bbcbab3294a076e1a2f2fb267760044fa09699badb5b839b26fcb4866,configs/phase7f-cost/runs/phase7f-r03-baseline-t0-full-a01.json,19,3,runs/phase7f-cost/phase7f-r03-baseline-t0-full-a01,phase7f-r03-baseline-t0-full-a01,T0_FULL,BASELINE,40,109,109,120,13666,9031,4538,11548,25117,62886,627.925,1572.15,8.45,12.0,9.949526124997647,0.7151204999972833,,0.05823089439727482,0.19826331664880853,0.13971292565693147,4.020291971443963,0.0012440249949577265,40,0,0,5,0,0,0
1,sloscope-telemetry-cost-v1,BASELINE,ebfb6b52a201e0e119d03916c02eb2dbf73e5b3947497357e21cd03d239e000b,configs/phase7f-cost/runs/phase7f-r03-baseline-t2-no-runtime-a01.json,20,3,runs/phase7f-cost/phase7f-r03-baseline-t2-no-runtime-a01,phase7f-r03-baseline-t2-no-runtime-a01,T2_NO_RUNTIME,BASELINE,40,109,0,120,13685,9084,1775,11572,22431,60496,560.775,1512.4,5.725,11.0,9.9224271250132,0.7258619589993032,,0.05040160865974029,0.17722941730389719,0.12470556664848118,4.031271733824579,0.0011747954951715656,40,0,0,5,0,0,0
1,sloscope-telemetry-cost-v1,LOAD_MEDIUM,091c23337f60007963b405cfbccd9117a28aaa10d3b08cb484aeef03a2cd9979,configs/phase7f-cost/runs/phase7f-r03-load-medium-t3-light-a01.json,21,3,runs/phase7f-cost/phase7f-r03-load-medium-t3-light-a01,phase7f-r03-load-medium-t3-light-a01,T3_LIGHT,LOAD_MEDIUM,40,0,0,120,13712,4599,1775,11549,17923,56272,448.075,1406.8,3.0,6.0,4.468694916999084,0.7413972499925876,,1.0273887958384873,1.2122990499890876,0.18383865174182573,8.951159285418768,0.0011257627942541147,40,0,0,5,0,0,0
1,sloscope-telemetry-cost-v1,LOAD_MEDIUM,b5c8bcf2cf809d5bcd236844f65ab8de84fbd5f553c0fead11fbfd98aef0eddb,configs/phase7f-cost/runs/phase7f-r03-load-medium-t1-no-host-a01.json,22,3,runs/phase7f-cost/phase7f-r03-load-medium-t1-no-host-a01,phase7f-r03-load-medium-t1-no-host-a01,T1_NO_HOST,LOAD_MEDIUM,40,0,55,120,13738,4599,3754,11562,19915,58385,497.875,1459.625,4.375,6.0,4.428944457991747,0.6475595000083558,,1.042081056547613,1.1826586556002439,0.18536970594796004,9.031497319372013,0.0011192473000846803,40,0,0,5,0,0,0
1,sloscope-telemetry-cost-v1,LOAD_MEDIUM,def1ca4acb615a13e48af7c07678ad6ee5870d99434cfbf41bf315f84d6a922d,configs/phase7f-cost/runs/phase7f-r03-load-medium-t0-full-a01.json,23,3,runs/phase7f-cost/phase7f-r03-load-medium-t0-full-a01,phase7f-r03-load-medium-t0-full-a01,T0_FULL,LOAD_MEDIUM,40,55,55,120,13704,7865,3778,11554,23197,61483,579.925,1537.075,5.75,6.0,4.391767583001638,0.6472363749926444,,0.9798914565879385,1.1419330274082313,0.1824381184502272,9.107950100733982,0.0011273319069005083,40,0,0,5,0,0,0
1,sloscope-telemetry-cost-v1,LOAD_MEDIUM,e7de5a650c081e4d9e783b324894b38c8fc2daf30617eb733839828eb0409a38,configs/phase7f-cost/runs/phase7f-r03-load-medium-t2-no-runtime-a01.json,24,3,runs/phase7f-cost/phase7f-r03-load-medium-t2-no-runtime-a01,phase7f-r03-load-medium-t2-no-runtime-a01,T2_NO_RUNTIME,LOAD_MEDIUM,40,55,0,120,13735,7933,1775,11608,21316,59927,532.9,1498.175,4.375,6.0,4.404084916997817,0.649640832998557,,0.9775798187511099,1.1528929309395608,0.18358590449861367,9.082477008019922,0.001120756242016796,40,0,0,5,0,0,0
1,sloscope-telemetry-cost-v1,BASELINE,2182ead20d59ca707df479832f0c447c356506fbeb2a4e25a39277668825355b,configs/phase7f-cost/runs/phase7f-r04-baseline-t2-no-runtime-a01.json,25,4,runs/phase7f-cost/phase7f-r04-baseline-t2-no-runtime-a01,phase7f-r04-baseline-t2-no-runtime-a01,T2_NO_RUNTIME,BASELINE,40,109,0,120,13691,8906,1775,11592,22273,60358,556.825,1508.95,5.725,11.0,9.924823666995508,0.645270499997423,,0.051644622599269496,0.1758181062483345,0.12397604199504712,4.030298304746506,0.0011741271053324453,40,0,0,5,0,0,0
1,sloscope-telemetry-cost-v1,BASELINE,ff3232e164bdbfc491c75f20bbd8c14d11e74f75ef89a3a5a1b26efbc3ae1313,configs/phase7f-cost/runs/phase7f-r04-baseline-t1-no-host-a01.json,26,4,runs/phase7f-cost/phase7f-r04-baseline-t1-no-host-a01,phase7f-r04-baseline-t1-no-host-a01,T1_NO_HOST,BASELINE,40,0,109,120,13672,4599,4539,11561,20699,58616,517.475,1465.4,5.725,11.0,9.927459832993918,0.7351392919954378,,0.05503162084933137,0.1872181193983124,0.13408045595424484,4.0292280878397495,0.0011706752906320617,40,0,0,5,0,0,0
1,sloscope-telemetry-cost-v1,BASELINE,9f8f6a1ad8f789cdafc90de351623cba12afce07df142755f71a056d7e2482d3,configs/phase7f-cost/runs/phase7f-r04-baseline-t3-light-a01.json,27,4,runs/phase7f-cost/phase7f-r04-baseline-t3-light-a01,phase7f-r04-baseline-t3-light-a01,T3_LIGHT,BASELINE,40,0,0,120,13666,4599,1775,11537,17911,55727,447.775,1393.175,3.0,12.0,9.919671291994746,0.6679166660032934,,0.05121341279882472,0.17639801700424868,0.12641803365186205,4.032391681393749,0.0011827645430457778,40,0,0,5,0,0,0
1,sloscope-telemetry-cost-v1,BASELINE,961ddffa73fd0de0f1f14c4518efa234b356c6b6f846f185f628faa0a2f3b89c,configs/phase7f-cost/runs/phase7f-r04-baseline-t0-full-a01.json,28,4,runs/phase7f-cost/phase7f-r04-baseline-t0-full-a01,phase7f-r04-baseline-t0-full-a01,T0_FULL,BASELINE,40,109,109,120,13646,8862,4556,11535,24953,62706,623.825,1567.65,8.45,12.0,9.913959957993939,0.768471083996701,,0.04818773750157561,0.17041878960226314,0.12334180174948414,4.034714702246375,0.0011904829982086083,40,0,0,5,0,0,0
1,sloscope-telemetry-cost-v1,LOAD_MEDIUM,31a03a40fb920b2164441ce299e44a6782391a5df4f91616fd61213c895e570d,configs/phase7f-cost/runs/phase7f-r04-load-medium-t1-no-host-a01.json,29,4,runs/phase7f-cost/phase7f-r04-load-medium-t1-no-host-a01,phase7f-r04-load-medium-t1-no-host-a01,T1_NO_HOST,LOAD_MEDIUM,40,0,55,120,13709,4599,3762,11572,19933,58393,498.325,1459.825,4.375,6.0,4.461914292012807,0.7617797090060776,,1.0608028877897595,1.2263804124995659,0.185695135404967,8.96476206896293,0.0011295089469058439,40,0,0,5,0,0,0
1,sloscope-telemetry-cost-v1,LOAD_MEDIUM,10b14cbddd0818f1230fa7c9e340374f01596ce433eacd12f90cf5e999ad9c1d,configs/phase7f-cost/runs/phase7f-r04-load-medium-t0-full-a01.json,30,4,runs/phase7f-cost/phase7f-r04-load-medium-t0-full-a01,phase7f-r04-load-medium-t0-full-a01,T0_FULL,LOAD_MEDIUM,40,55,55,120,13693,7853,3737,11587,23177,61483,579.425,1537.075,5.75,6.0,4.399524458000087,0.6476680829946417,,1.0165444499878504,1.1525696583412355,0.18109356903805746,9.091891721902824,0.0011172639504366088,40,0,0,5,0,0,0
1,sloscope-telemetry-cost-v1,LOAD_MEDIUM,e75a33f2d8d09d39d2070885dcbd27bd28bbcd4fab319fa17b0df8d2699e7c90,configs/phase7f-cost/runs/phase7f-r04-load-medium-t2-no-runtime-a01.json,31,4,runs/phase7f-cost/phase7f-r04-load-medium-t2-no-runtime-a01,phase7f-r04-load-medium-t2-no-runtime-a01,T2_NO_RUNTIME,LOAD_MEDIUM,40,55,0,120,13730,7898,1775,11593,21266,59889,531.65,1497.225,4.375,6.0,4.378159667001455,0.6470907499897294,,0.935867595856689,1.1140089857435669,0.18188812115695327,9.136258849005268,0.001120345804520184,40,0,0,5,0,0,0
1,sloscope-telemetry-cost-v1,LOAD_MEDIUM,811ee408526fd627fe6dff9336677b94db7287f3808da273bd3a73fb7134b551,configs/phase7f-cost/runs/phase7f-r04-load-medium-t3-light-a01.json,32,4,runs/phase7f-cost/phase7f-r04-load-medium-t3-light-a01,phase7f-r04-load-medium-t3-light-a01,T3_LIGHT,LOAD_MEDIUM,40,0,0,120,13703,4599,1775,11599,17973,56339,449.325,1408.475,3.0,6.0,4.3672909589949995,0.7315595409891102,,0.9238465705588167,1.1068131500018352,0.18111342854535906,9.158995902852508,0.001111912495980505,40,0,0,5,0,0,0
1,sloscope-telemetry-cost-v1,BASELINE,990966c84f434ed29f3362ba084f7b64c067cf31cf180887fb4cf7fbb1b9f1fe,configs/phase7f-cost/runs/phase7f-r05-baseline-t0-full-a01.json,33,5,runs/phase7f-cost/phase7f-r05-baseline-t0-full-a01,phase7f-r05-baseline-t0-full-a01,T0_FULL,BASELINE,40,109,109,120,13650,8930,4555,11523,25008,62785,625.2,1569.625,8.45,12.0,9.921674582990818,0.6491395420016488,,0.051287235107156444,0.17399035034250118,0.12581893750248127,4.0315774988804645,0.0011807208466052543,40,0,0,5,0,0,0
1,sloscope-telemetry-cost-v1,BASELINE,7d72e5e4db159f9615e1c4d6ddee211dfa675b80e26d039c324aae97e3079372,configs/phase7f-cost/runs/phase7f-r05-baseline-t3-light-a01.json,34,5,runs/phase7f-cost/phase7f-r05-baseline-t3-light-a01,phase7f-r05-baseline-t3-light-a01,T3_LIGHT,BASELINE,40,0,0,120,13663,4599,1775,11578,17952,55789,448.8,1394.725,3.0,12.0,9.92312687500089,0.6919776669965358,,0.05638254819859867,0.18214521520130803,0.12865373059685226,4.030987460290476,0.0011686750061926433,40,0,0,5,0,0,0
1,sloscope-telemetry-cost-v1,BASELINE,a31c365bfa00f8d18b2c7ab11d936ba8588b2ad5eaebbd1e5142fbf526e52ad8,configs/phase7f-cost/runs/phase7f-r05-baseline-t1-no-host-a01.json,35,5,runs/phase7f-cost/phase7f-r05-baseline-t1-no-host-a01,phase7f-r05-baseline-t1-no-host-a01,T1_NO_HOST,BASELINE,40,0,109,120,13678,4599,4580,11569,20748,58696,518.7,1467.4,5.725,12.0,9.906480040997849,0.6890821249980945,,0.048174731551989675,0.16908817115036073,0.12206298125165631,4.037761125491646,0.0012101805899874306,40,0,0,5,0,0,0
1,sloscope-telemetry-cost-v1,BASELINE,6aba80045b8ec03a0a2dba0ce9f04214a35450ef92b6f592671b51b89cc62007,configs/phase7f-cost/runs/phase7f-r05-baseline-t2-no-runtime-a01.json,36,5,runs/phase7f-cost/phase7f-r05-baseline-t2-no-runtime-a01,phase7f-r05-baseline-t2-no-runtime-a01,T2_NO_RUNTIME,BASELINE,40,109,0,120,13696,9007,1775,11572,22354,60462,558.85,1511.55,5.725,11.0,9.933607457991457,0.6640222919959342,,0.05549569649592741,0.18386616284187765,0.12918452114463433,4.026734514038052,0.0011739521018171218,40,0,0,5,0,0,0
1,sloscope-telemetry-cost-v1,LOAD_MEDIUM,047c3f67fa2e72e99a8a99771d9f19059eb25d25132097fcbfa7b5f70de283e8,configs/phase7f-cost/runs/phase7f-r05-load-medium-t0-full-a01.json,37,5,runs/phase7f-cost/phase7f-r05-load-medium-t0-full-a01,phase7f-r05-load-medium-t0-full-a01,T0_FULL,LOAD_MEDIUM,40,54,54,120,13709,7911,3759,11565,23235,61553,580.875,1538.825,5.7,6.0,4.345934292010497,0.6701475829904666,,0.9109400357010599,1.0872974916936073,0.1797587577093509,9.204004780637256,0.0011226443995838052,40,0,0,5,0,0,0
1,sloscope-telemetry-cost-v1,LOAD_MEDIUM,993e1951f6ebfce8d992ae3c00c5d3a31bc8e18b459ba27b78edb670f78eb432,configs/phase7f-cost/runs/phase7f-r05-load-medium-t3-light-a01.json,38,5,runs/phase7f-cost/phase7f-r05-load-medium-t3-light-a01,phase7f-r05-load-medium-t3-light-a01,T3_LIGHT,LOAD_MEDIUM,40,0,0,120,13705,4599,1775,11527,17901,56266,447.525,1406.65,3.0,6.0,4.403156458996818,0.7017116249917308,,0.9696052663552108,1.1441656059541856,0.1818106836552033,9.084392156510672,0.001104152108018752,40,0,0,5,0,0,0
1,sloscope-telemetry-cost-v1,LOAD_MEDIUM,10e1b7d8436a7f54714410c0f4ca5b8fef7b13f3f84a9659b32afe4e116d38c9,configs/phase7f-cost/runs/phase7f-r05-load-medium-t2-no-runtime-a01.json,39,5,runs/phase7f-cost/phase7f-r05-load-medium-t2-no-runtime-a01,phase7f-r05-load-medium-t2-no-runtime-a01,T2_NO_RUNTIME,LOAD_MEDIUM,40,55,0,120,13734,7827,1775,11617,21219,59844,530.475,1496.1,4.375,6.0,4.408476875003544,0.6486823329905747,,0.9818299461468994,1.1514102315886703,0.1818078461525147,9.07342856368456,0.001134183602698613,40,0,0,5,0,0,0
1,sloscope-telemetry-cost-v1,LOAD_MEDIUM,6a6e33b0d431728d108f85bc671c26feb611bbd794ab3641e79132c586dbf676,configs/phase7f-cost/runs/phase7f-r05-load-medium-t1-no-host-a01.json,40,5,runs/phase7f-cost/phase7f-r05-load-medium-t1-no-host-a01,phase7f-r05-load-medium-t1-no-host-a01,T1_NO_HOST,LOAD_MEDIUM,40,0,55,120,13728,4599,3776,11608,19983,58461,499.575,1461.525,4.375,6.0,4.382254958996782,0.6520885409991024,,0.9502525475967557,1.1246066958468872,0.17899834164054482,9.127720859298678,0.0011190600933332461,40,0,0,5,0,0,0
1,sloscope-telemetry-cost-v1,BASELINE,c042921bbab4f6c5a8386e0bccd3be002d06819bb29c441b8317f47da24e1fb3,configs/phase7f-cost/runs/phase7f-r06-baseline-t3-light-a01.json,41,6,runs/phase7f-cost/phase7f-r06-baseline-t3-light-a01,phase7f-r06-baseline-t3-light-a01,T3_LIGHT,BASELINE,40,0,0,120,13673,4599,1775,11560,17934,55780,448.35,1394.5,3.0,11.0,9.900659083010396,0.6589380829973379,,0.04704922853852622,0.1694818357420445,0.12202692914142972,4.040135072284258,0.0011764062408474274,40,0,0,5,0,0,0
1,sloscope-telemetry-cost-v1,BASELINE,f6c1f4c48008f752a1c43a003939eac3e75493d18c0444d1e864212bee165308,configs/phase7f-cost/runs/phase7f-r06-baseline-t0-full-a01.json,42,6,runs/phase7f-cost/phase7f-r06-baseline-t0-full-a01,phase7f-r06-baseline-t0-full-a01,T0_FULL,BASELINE,40,109,109,120,13666,9089,4536,11557,25182,62977,629.55,1574.425,8.45,12.0,9.916613249995862,0.6971789579984033,,0.053282751452934464,0.17767590414296136,0.1274080413473712,4.033635172776017,0.0011696687455696518,40,0,0,5,0,0,0
1,sloscope-telemetry-cost-v1,BASELINE,ba5415f75cfff7e753e0e3a399541c4558f9dba0939a80012a8bf7632eb9dd8c,configs/phase7f-cost/runs/phase7f-r06-baseline-t2-no-runtime-a01.json,43,6,runs/phase7f-cost/phase7f-r06-baseline-t2-no-runtime-a01,phase7f-r06-baseline-t2-no-runtime-a01,T2_NO_RUNTIME,BASELINE,40,109,0,120,13691,8943,1775,11589,22307,60410,557.675,1510.25,5.725,12.0,9.912849540996831,0.7030539589904947,,0.05253322325734188,0.176314644410013,0.12479128540871898,4.035166662680691,0.0011737184519006404,40,0,0,5,0,0,0
1,sloscope-telemetry-cost-v1,BASELINE,7e80ccf9a758a67ea8096100a4eab210401a04cddac76f33d77bf4e034886e60,configs/phase7f-cost/runs/phase7f-r06-baseline-t1-no-host-a01.json,44,6,runs/phase7f-cost/phase7f-r06-baseline-t1-no-host-a01,phase7f-r06-baseline-t1-no-host-a01,T1_NO_HOST,BASELINE,40,0,109,120,13687,4599,4549,11551,20699,58661,517.475,1466.525,5.725,12.0,9.925647959011258,0.711117083003046,,0.055624200009333435,0.18348594164999668,0.12859008925661328,4.029963601891095,0.0021461080126755406,40,0,0,5,0,0,0
1,sloscope-telemetry-cost-v1,LOAD_MEDIUM,688078ef2a1a4ee2f2b315a78340634f7b1cf7ca077d79e4237905f2ac7f925a,configs/phase7f-cost/runs/phase7f-r06-load-medium-t1-no-host-a01.json,45,6,runs/phase7f-cost/phase7f-r06-load-medium-t1-no-host-a01,phase7f-r06-load-medium-t1-no-host-a01,T1_NO_HOST,LOAD_MEDIUM,40,0,55,120,13716,4599,3761,11573,19933,58400,498.325,1460.0,4.375,6.0,4.441143208998255,0.7087377499992726,,1.0107441854524948,1.1871069042048474,0.18184189970197623,9.006689970941604,0.002110463592543965,40,0,0,5,0,0,0
1,sloscope-telemetry-cost-v1,LOAD_MEDIUM,61ee75c35f59063f8fe6442e7f6f2a781fee716d53d95f1cb04efb10ae67c304,configs/phase7f-cost/runs/phase7f-r06-load-medium-t0-full-a01.json,46,6,runs/phase7f-cost/phase7f-r06-load-medium-t0-full-a01,phase7f-r06-load-medium-t0-full-a01,T0_FULL,LOAD_MEDIUM,40,55,55,120,13710,7831,3770,11542,23143,61462,578.575,1536.55,5.75,7.0,4.41558874999464,0.7246673329937039,,0.9763326830405274,1.1556024086414254,0.1816575979042682,9.058814637130451,0.0021216238652414176,40,0,0,5,0,0,0
1,sloscope-telemetry-cost-v1,LOAD_MEDIUM,cc168d684b631bfdbbb9feb762d14b1351c29de6e918059fc2138b6e61fbfe3e,configs/phase7f-cost/runs/phase7f-r06-load-medium-t3-light-a01.json,47,6,runs/phase7f-cost/phase7f-r06-load-medium-t3-light-a01,phase7f-r06-load-medium-t3-light-a01,T3_LIGHT,LOAD_MEDIUM,40,0,0,120,13706,4599,1775,11562,17936,56304,448.4,1407.6,3.0,6.0,4.357273458997952,0.651435040999786,,0.9524182014443794,1.1158384315458534,0.17975676189817022,9.180052704151109,0.002105031206156127,40,0,0,5,0,0,0
1,sloscope-telemetry-cost-v1,LOAD_MEDIUM,58b6e7a6ff695dbbef3d6a57c2d35c54df86d92d96ab7f1d471a2018373c3940,configs/phase7f-cost/runs/phase7f-r06-load-medium-t2-no-runtime-a01.json,48,6,runs/phase7f-cost/phase7f-r06-load-medium-t2-no-runtime-a01,phase7f-r06-load-medium-t2-no-runtime-a01,T2_NO_RUNTIME,LOAD_MEDIUM,40,54,0,120,13742,7831,1775,11607,21213,59847,530.325,1496.175,4.35,6.0,4.381599041997106,0.7365752089972375,,0.9478187562512175,1.124049328849651,0.18135930240023299,9.129087261660585,0.0021147708052012605,40,0,0,5,0,0,0
