run_id,training_protocol,model,feature_tier,condition_id,true_mechanism_set,predicted_mechanism_set,error_types,missed_causes,extra_causes,CSD,CSD_Holm_supported
phase6v2-r01-input-load-a01,P1,M2,F2,INPUT_LOAD,INPUT+LOAD,LOAD,MISS_INPUT;SINGLE_ONLY_PREDICTION,INPUT,,51.58348661609123,True
phase6v2-r01-input-downstream-a01,P1,M2,F2,INPUT_DOWNSTREAM,INPUT+DOWNSTREAM,DOWNSTREAM,MISS_INPUT;SINGLE_ONLY_PREDICTION,INPUT,,0.7103793040402966,False
phase6v2-r01-output-load-a01,P1,M2,F2,OUTPUT_LOAD,OUTPUT+LOAD,LOAD,MISS_OUTPUT;SINGLE_ONLY_PREDICTION,OUTPUT,,30.81137250215851,True
phase6v2-r02-input-downstream-a01,P1,M2,F2,INPUT_DOWNSTREAM,INPUT+DOWNSTREAM,DOWNSTREAM,MISS_INPUT;SINGLE_ONLY_PREDICTION,INPUT,,0.7103793040402966,False
phase6v2-r02-input-load-a01,P1,M2,F2,INPUT_LOAD,INPUT+LOAD,LOAD,MISS_INPUT;SINGLE_ONLY_PREDICTION,INPUT,,51.58348661609123,True
phase6v2-r03-input-downstream-a01,P1,M2,F2,INPUT_DOWNSTREAM,INPUT+DOWNSTREAM,DOWNSTREAM,MISS_INPUT;SINGLE_ONLY_PREDICTION,INPUT,,0.7103793040402966,False
phase6v2-r03-input-load-a01,P1,M2,F2,INPUT_LOAD,INPUT+LOAD,LOAD,MISS_INPUT;SINGLE_ONLY_PREDICTION,INPUT,,51.58348661609123,True
phase6v2-r04-input-load-a01,P1,M2,F2,INPUT_LOAD,INPUT+LOAD,LOAD,MISS_INPUT;SINGLE_ONLY_PREDICTION,INPUT,,51.58348661609123,True
phase6v2-r04-input-downstream-a01,P1,M2,F2,INPUT_DOWNSTREAM,INPUT+DOWNSTREAM,DOWNSTREAM,MISS_INPUT;SINGLE_ONLY_PREDICTION,INPUT,,0.7103793040402966,False
phase6v2-r05-input-downstream-a01,P1,M2,F2,INPUT_DOWNSTREAM,INPUT+DOWNSTREAM,DOWNSTREAM,MISS_INPUT;SINGLE_ONLY_PREDICTION,INPUT,,0.7103793040402966,False
phase6v2-r05-input-load-a01,P1,M2,F2,INPUT_LOAD,INPUT+LOAD,LOAD,MISS_INPUT;SINGLE_ONLY_PREDICTION,INPUT,,51.58348661609123,True
phase6v2-r06-input-load-a01,P1,M2,F2,INPUT_LOAD,INPUT+LOAD,LOAD,MISS_INPUT;SINGLE_ONLY_PREDICTION,INPUT,,51.58348661609123,True
phase6v2-r06-input-downstream-a01,P1,M2,F2,INPUT_DOWNSTREAM,INPUT+DOWNSTREAM,DOWNSTREAM,MISS_INPUT;SINGLE_ONLY_PREDICTION,INPUT,,0.7103793040402966,False
phase6v2-r07-input-downstream-a01,P1,M2,F2,INPUT_DOWNSTREAM,INPUT+DOWNSTREAM,DOWNSTREAM,MISS_INPUT;SINGLE_ONLY_PREDICTION,INPUT,,0.7103793040402966,False
phase6v2-r07-input-load-a01,P1,M2,F2,INPUT_LOAD,INPUT+LOAD,LOAD,MISS_INPUT;SINGLE_ONLY_PREDICTION,INPUT,,51.58348661609123,True
phase6v2-r08-input-load-a01,P1,M2,F2,INPUT_LOAD,INPUT+LOAD,LOAD,MISS_INPUT;SINGLE_ONLY_PREDICTION,INPUT,,51.58348661609123,True
phase6v2-r08-input-downstream-a01,P1,M2,F2,INPUT_DOWNSTREAM,INPUT+DOWNSTREAM,DOWNSTREAM,MISS_INPUT;SINGLE_ONLY_PREDICTION,INPUT,,0.7103793040402966,False
phase6v2-r01-input-load-a01,P2,M2,F2,INPUT_LOAD,INPUT+LOAD,INPUT+OUTPUT+LOAD,EXTRA_CAUSE,,OUTPUT,51.58348661609123,True
