training_protocol,model,feature_tier,cause,precision,recall,f1,false_positive_rate,false_negative_rate,support
P1,M0,F0,INPUT,0,0.0,0,0.0,1.0,16
P1,M0,F0,OUTPUT,1.0,0.1875,0.3157894736842105,0.0,0.8125,16
P1,M0,F0,LOAD,1.0,1.0,1.0,0.0,0.0,24
P1,M0,F0,DOWNSTREAM,1.0,0.5416666666666666,0.7027027027027027,0.0,0.4583333333333333,24
P1,M1,F1,INPUT,1.0,0.125,0.2222222222222222,0.0,0.875,16
P1,M1,F1,OUTPUT,1.0,0.5,0.6666666666666666,0.0,0.5,16
P1,M1,F1,LOAD,1.0,1.0,1.0,0.0,0.0,24
P1,M1,F1,DOWNSTREAM,1.0,0.25,0.4,0.0,0.75,24
P1,M1,F2,INPUT,0,0.0,0,0.0,1.0,16
P1,M1,F2,OUTPUT,1.0,0.3125,0.47619047619047616,0.0,0.6875,16
P1,M1,F2,LOAD,1.0,1.0,1.0,0.0,0.0,24
P1,M1,F2,DOWNSTREAM,1.0,0.4583333333333333,0.6285714285714286,0.0,0.5416666666666666,24
P1,M2,F0,INPUT,0,0.0,0,0.0,1.0,16
P1,M2,F0,OUTPUT,1.0,0.9375,0.967741935483871,0.0,0.0625,16
P1,M2,F0,LOAD,1.0,1.0,1.0,0.0,0.0,24
P1,M2,F0,DOWNSTREAM,1.0,0.6666666666666666,0.8,0.0,0.3333333333333333,24
P1,M2,F1,INPUT,1.0,0.5,0.6666666666666666,0.0,0.5,16
P1,M2,F1,OUTPUT,1.0,0.5,0.6666666666666666,0.0,0.5,16
P1,M2,F1,LOAD,1.0,1.0,1.0,0.0,0.0,24
P1,M2,F1,DOWNSTREAM,0.3333333333333333,0.3333333333333333,0.3333333333333333,1.0,0.6666666666666666,24
P1,M2,F2,INPUT,0,0.0,0,0.0,1.0,16
P1,M2,F2,OUTPUT,1.0,0.9375,0.967741935483871,0.0,0.0625,16
P1,M2,F2,LOAD,1.0,1.0,1.0,0.0,0.0,24
P1,M2,F2,DOWNSTREAM,1.0,1.0,1.0,0.0,0.0,24
P1,M2,F3,INPUT,1.0,1.0,1.0,0.0,0.0,16
P1,M2,F3,OUTPUT,1.0,1.0,1.0,0.0,0.0,16
P1,M2,F3,LOAD,1.0,1.0,1.0,0.0,0.0,24
P1,M2,F3,DOWNSTREAM,1.0,1.0,1.0,0.0,0.0,24
P1,M3,F2,INPUT,0.5555555555555556,0.625,0.5882352941176471,0.3333333333333333,0.375,16
P1,M3,F2,OUTPUT,1.0,0.5625,0.72,0.0,0.4375,16
P1,M3,F2,LOAD,1.0,1.0,1.0,0.0,0.0,24
P1,M3,F2,DOWNSTREAM,1.0,1.0,1.0,0.0,0.0,24
P2,M0,F0,INPUT,1.0,1.0,1.0,0.0,0.0,24
P2,M0,F0,OUTPUT,1.0,1.0,1.0,0.0,0.0,24
P2,M0,F0,LOAD,1.0,0.975,0.9873417721518987,0.0,0.025,40
P2,M0,F0,DOWNSTREAM,0.975,0.975,0.975,0.015625,0.025,40
P2,M1,F1,INPUT,0.6060606060606061,0.8333333333333334,0.7017543859649124,0.1625,0.16666666666666666,24
P2,M1,F1,OUTPUT,1.0,1.0,1.0,0.0,0.0,24
P2,M1,F1,LOAD,1.0,1.0,1.0,0.0,0.0,40
P2,M1,F1,DOWNSTREAM,0.5714285714285714,0.4,0.47058823529411764,0.1875,0.6,40
P2,M1,F2,INPUT,0.7142857142857143,0.625,0.6666666666666666,0.075,0.375,24
P2,M1,F2,OUTPUT,0.96,1.0,0.9795918367346939,0.0125,0.0,24
P2,M1,F2,LOAD,0.9523809523809523,1.0,0.975609756097561,0.03125,0.0,40
P2,M1,F2,DOWNSTREAM,1.0,1.0,1.0,0.0,0.0,40
P2,M2,F0,INPUT,0.7741935483870968,1.0,0.8727272727272727,0.0875,0.0,24
P2,M2,F0,OUTPUT,1.0,1.0,1.0,0.0,0.0,24
P2,M2,F0,LOAD,1.0,0.95,0.9743589743589743,0.0,0.05,40
P2,M2,F0,DOWNSTREAM,0.7037037037037037,0.95,0.8085106382978724,0.25,0.05,40
P2,M2,F1,INPUT,0.6,1.0,0.7499999999999999,0.2,0.0,24
P2,M2,F1,OUTPUT,1.0,1.0,1.0,0.0,0.0,24
P2,M2,F1,LOAD,1.0,1.0,1.0,0.0,0.0,40
P2,M2,F1,DOWNSTREAM,0.5,0.825,0.6226415094339622,0.515625,0.175,40
P2,M2,F2,INPUT,0.6153846153846154,1.0,0.761904761904762,0.1875,0.0,24
P2,M2,F2,OUTPUT,0.96,1.0,0.9795918367346939,0.0125,0.0,24
P2,M2,F2,LOAD,0.975609756097561,1.0,0.9876543209876543,0.015625,0.0,40
P2,M2,F2,DOWNSTREAM,1.0,1.0,1.0,0.0,0.0,40
P2,M2,F3,INPUT,1.0,1.0,1.0,0.0,0.0,24
P2,M2,F3,OUTPUT,1.0,1.0,1.0,0.0,0.0,24
P2,M2,F3,LOAD,0.975609756097561,1.0,0.9876543209876543,0.015625,0.0,40
P2,M2,F3,DOWNSTREAM,1.0,1.0,1.0,0.0,0.0,40
P2,M3,F2,INPUT,0.6857142857142857,1.0,0.8135593220338984,0.1375,0.0,24
P2,M3,F2,OUTPUT,1.0,1.0,1.0,0.0,0.0,24
P2,M3,F2,LOAD,1.0,1.0,1.0,0.0,0.0,40
P2,M3,F2,DOWNSTREAM,1.0,1.0,1.0,0.0,0.0,40
