training_protocol,model,feature_tier,true_cause_set,predicted_cause_set,count
P1,M0,F0,INPUT+DOWNSTREAM,DOWNSTREAM,8
P1,M0,F0,INPUT+LOAD,LOAD,8
P1,M0,F0,LOAD+DOWNSTREAM,LOAD,8
P1,M0,F0,OUTPUT+DOWNSTREAM,DOWNSTREAM,5
P1,M0,F0,OUTPUT+DOWNSTREAM,OUTPUT,3
P1,M0,F0,OUTPUT+LOAD,LOAD,8
P1,M1,F1,INPUT+DOWNSTREAM,DOWNSTREAM,6
P1,M1,F1,INPUT+DOWNSTREAM,INPUT,2
P1,M1,F1,INPUT+LOAD,LOAD,8
P1,M1,F1,LOAD+DOWNSTREAM,LOAD,8
P1,M1,F1,OUTPUT+DOWNSTREAM,OUTPUT,8
P1,M1,F1,OUTPUT+LOAD,LOAD,8
P1,M1,F2,INPUT+DOWNSTREAM,DOWNSTREAM,8
P1,M1,F2,INPUT+LOAD,LOAD,8
P1,M1,F2,LOAD+DOWNSTREAM,LOAD,8
P1,M1,F2,OUTPUT+DOWNSTREAM,DOWNSTREAM,3
P1,M1,F2,OUTPUT+DOWNSTREAM,OUTPUT,5
P1,M1,F2,OUTPUT+LOAD,LOAD,8
P1,M2,F0,INPUT+DOWNSTREAM,DOWNSTREAM,8
P1,M2,F0,INPUT+LOAD,LOAD,8
P1,M2,F0,LOAD+DOWNSTREAM,LOAD,8
P1,M2,F0,OUTPUT+DOWNSTREAM,OUTPUT+DOWNSTREAM,8
P1,M2,F0,OUTPUT+LOAD,LOAD,1
P1,M2,F0,OUTPUT+LOAD,OUTPUT+LOAD,7
P1,M2,F1,INPUT+DOWNSTREAM,INPUT+DOWNSTREAM,8
P1,M2,F1,INPUT+LOAD,LOAD+DOWNSTREAM,8
P1,M2,F1,LOAD+DOWNSTREAM,LOAD,8
P1,M2,F1,OUTPUT+DOWNSTREAM,OUTPUT,8
P1,M2,F1,OUTPUT+LOAD,LOAD+DOWNSTREAM,8
P1,M2,F2,INPUT+DOWNSTREAM,DOWNSTREAM,8
P1,M2,F2,INPUT+LOAD,LOAD,8
P1,M2,F2,LOAD+DOWNSTREAM,LOAD+DOWNSTREAM,8
P1,M2,F2,OUTPUT+DOWNSTREAM,OUTPUT+DOWNSTREAM,8
P1,M2,F2,OUTPUT+LOAD,LOAD,1
P1,M2,F2,OUTPUT+LOAD,OUTPUT+LOAD,7
P1,M2,F3,INPUT+DOWNSTREAM,INPUT+DOWNSTREAM,8
P1,M2,F3,INPUT+LOAD,INPUT+LOAD,8
P1,M2,F3,LOAD+DOWNSTREAM,LOAD+DOWNSTREAM,8
P1,M2,F3,OUTPUT+DOWNSTREAM,OUTPUT+DOWNSTREAM,8
P1,M2,F3,OUTPUT+LOAD,OUTPUT+LOAD,8
P1,M3,F2,INPUT+DOWNSTREAM,DOWNSTREAM,6
P1,M3,F2,INPUT+DOWNSTREAM,INPUT+DOWNSTREAM,2
P1,M3,F2,INPUT+LOAD,INPUT+LOAD,8
P1,M3,F2,LOAD+DOWNSTREAM,LOAD+DOWNSTREAM,8
P1,M3,F2,OUTPUT+DOWNSTREAM,OUTPUT+DOWNSTREAM,8
P1,M3,F2,OUTPUT+LOAD,INPUT+LOAD,7
P1,M3,F2,OUTPUT+LOAD,INPUT+OUTPUT+LOAD,1
P2,M0,F0,DOWNSTREAM,DOWNSTREAM,16
P2,M0,F0,INPUT,INPUT,8
P2,M0,F0,INPUT+DOWNSTREAM,INPUT+DOWNSTREAM,8
P2,M0,F0,INPUT+LOAD,INPUT+LOAD,8
P2,M0,F0,LOAD,DOWNSTREAM,1
P2,M0,F0,LOAD,LOAD,15
P2,M0,F0,LOAD+DOWNSTREAM,LOAD,1
P2,M0,F0,LOAD+DOWNSTREAM,LOAD+DOWNSTREAM,7
P2,M0,F0,NONE,NONE,16
P2,M0,F0,OUTPUT,OUTPUT,8
P2,M0,F0,OUTPUT+DOWNSTREAM,OUTPUT+DOWNSTREAM,8
P2,M0,F0,OUTPUT+LOAD,OUTPUT+LOAD,8
P2,M1,F1,DOWNSTREAM,INPUT,7
P2,M1,F1,DOWNSTREAM,INPUT+DOWNSTREAM,3
P2,M1,F1,DOWNSTREAM,NONE,6
P2,M1,F1,INPUT,INPUT,2
P2,M1,F1,INPUT,INPUT+DOWNSTREAM,2
P2,M1,F1,INPUT,NONE,4
P2,M1,F1,INPUT+DOWNSTREAM,INPUT,5
P2,M1,F1,INPUT+DOWNSTREAM,INPUT+DOWNSTREAM,3
P2,M1,F1,INPUT+LOAD,INPUT+LOAD,8
P2,M1,F1,LOAD,LOAD,13
P2,M1,F1,LOAD,LOAD+DOWNSTREAM,3
P2,M1,F1,LOAD+DOWNSTREAM,LOAD+DOWNSTREAM,8
P2,M1,F1,NONE,DOWNSTREAM,1
P2,M1,F1,NONE,INPUT,1
P2,M1,F1,NONE,INPUT+DOWNSTREAM,2
P2,M1,F1,NONE,NONE,12
P2,M1,F1,OUTPUT,OUTPUT,4
P2,M1,F1,OUTPUT,OUTPUT+DOWNSTREAM,4
P2,M1,F1,OUTPUT+DOWNSTREAM,OUTPUT,6
P2,M1,F1,OUTPUT+DOWNSTREAM,OUTPUT+DOWNSTREAM,2
P2,M1,F1,OUTPUT+LOAD,OUTPUT+LOAD,8
P2,M1,F2,DOWNSTREAM,DOWNSTREAM,13
P2,M1,F2,DOWNSTREAM,INPUT+DOWNSTREAM,3
P2,M1,F2,INPUT,INPUT,5
P2,M1,F2,INPUT,LOAD,1
P2,M1,F2,INPUT,NONE,2
P2,M1,F2,INPUT+DOWNSTREAM,DOWNSTREAM,5
P2,M1,F2,INPUT+DOWNSTREAM,INPUT+DOWNSTREAM,3
P2,M1,F2,INPUT+LOAD,INPUT+LOAD,7
P2,M1,F2,INPUT+LOAD,OUTPUT+LOAD,1
P2,M1,F2,LOAD,LOAD,16
P2,M1,F2,LOAD+DOWNSTREAM,LOAD+DOWNSTREAM,8
P2,M1,F2,NONE,INPUT,3
P2,M1,F2,NONE,LOAD,1
P2,M1,F2,NONE,NONE,12
P2,M1,F2,OUTPUT,OUTPUT,8
P2,M1,F2,OUTPUT+DOWNSTREAM,OUTPUT+DOWNSTREAM,8
P2,M1,F2,OUTPUT+LOAD,OUTPUT+LOAD,8
P2,M2,F0,DOWNSTREAM,DOWNSTREAM,10
P2,M2,F0,DOWNSTREAM,INPUT+DOWNSTREAM,6
P2,M2,F0,INPUT,INPUT,8
P2,M2,F0,INPUT+DOWNSTREAM,INPUT+DOWNSTREAM,8
P2,M2,F0,INPUT+LOAD,INPUT+LOAD,8
P2,M2,F0,LOAD,DOWNSTREAM,1
P2,M2,F0,LOAD,INPUT+DOWNSTREAM,1
P2,M2,F0,LOAD,LOAD+DOWNSTREAM,14
P2,M2,F0,LOAD+DOWNSTREAM,LOAD,2
P2,M2,F0,LOAD+DOWNSTREAM,LOAD+DOWNSTREAM,6
P2,M2,F0,NONE,NONE,16
P2,M2,F0,OUTPUT,OUTPUT,8
P2,M2,F0,OUTPUT+DOWNSTREAM,OUTPUT+DOWNSTREAM,8
P2,M2,F0,OUTPUT+LOAD,OUTPUT+LOAD,8
P2,M2,F1,DOWNSTREAM,DOWNSTREAM,8
P2,M2,F1,DOWNSTREAM,INPUT+DOWNSTREAM,8
P2,M2,F1,INPUT,INPUT+DOWNSTREAM,8
P2,M2,F1,INPUT+DOWNSTREAM,INPUT+DOWNSTREAM,8
P2,M2,F1,INPUT+LOAD,INPUT+LOAD,8
P2,M2,F1,LOAD,LOAD,15
P2,M2,F1,LOAD,LOAD+DOWNSTREAM,1
P2,M2,F1,LOAD+DOWNSTREAM,LOAD,7
P2,M2,F1,LOAD+DOWNSTREAM,LOAD+DOWNSTREAM,1
P2,M2,F1,NONE,DOWNSTREAM,8
P2,M2,F1,NONE,INPUT+DOWNSTREAM,8
P2,M2,F1,OUTPUT,OUTPUT+DOWNSTREAM,8
P2,M2,F1,OUTPUT+DOWNSTREAM,OUTPUT+DOWNSTREAM,8
P2,M2,F1,OUTPUT+LOAD,OUTPUT+LOAD,8
P2,M2,F2,DOWNSTREAM,DOWNSTREAM,9
P2,M2,F2,DOWNSTREAM,INPUT+DOWNSTREAM,7
P2,M2,F2,INPUT,INPUT,8
P2,M2,F2,INPUT+DOWNSTREAM,INPUT+DOWNSTREAM,8
P2,M2,F2,INPUT+LOAD,INPUT+LOAD,7
P2,M2,F2,INPUT+LOAD,INPUT+OUTPUT+LOAD,1
P2,M2,F2,LOAD,LOAD,16
P2,M2,F2,LOAD+DOWNSTREAM,LOAD+DOWNSTREAM,8
P2,M2,F2,NONE,INPUT,8
P2,M2,F2,NONE,LOAD,1
P2,M2,F2,NONE,NONE,7
P2,M2,F2,OUTPUT,OUTPUT,8
P2,M2,F2,OUTPUT+DOWNSTREAM,OUTPUT+DOWNSTREAM,8
P2,M2,F2,OUTPUT+LOAD,OUTPUT+LOAD,8
P2,M2,F3,DOWNSTREAM,DOWNSTREAM,16
P2,M2,F3,INPUT,INPUT,8
P2,M2,F3,INPUT+DOWNSTREAM,INPUT+DOWNSTREAM,8
P2,M2,F3,INPUT+LOAD,INPUT+LOAD,8
P2,M2,F3,LOAD,LOAD,16
P2,M2,F3,LOAD+DOWNSTREAM,LOAD+DOWNSTREAM,8
P2,M2,F3,NONE,LOAD,1
P2,M2,F3,NONE,NONE,15
P2,M2,F3,OUTPUT,OUTPUT,8
P2,M2,F3,OUTPUT+DOWNSTREAM,OUTPUT+DOWNSTREAM,8
P2,M2,F3,OUTPUT+LOAD,OUTPUT+LOAD,8
P2,M3,F2,DOWNSTREAM,DOWNSTREAM,14
P2,M3,F2,DOWNSTREAM,INPUT+DOWNSTREAM,2
P2,M3,F2,INPUT,INPUT,8
P2,M3,F2,INPUT+DOWNSTREAM,INPUT+DOWNSTREAM,8
P2,M3,F2,INPUT+LOAD,INPUT+LOAD,8
P2,M3,F2,LOAD,LOAD,16
P2,M3,F2,LOAD+DOWNSTREAM,LOAD+DOWNSTREAM,8
P2,M3,F2,NONE,INPUT,8
P2,M3,F2,NONE,NONE,8
P2,M3,F2,OUTPUT,OUTPUT,8
P2,M3,F2,OUTPUT+DOWNSTREAM,OUTPUT+DOWNSTREAM,8
P2,M3,F2,OUTPUT+LOAD,INPUT+OUTPUT+LOAD,1
P2,M3,F2,OUTPUT+LOAD,OUTPUT+LOAD,7
