campaign_id,condition_id,run_id,mechanism_family,active_mechanisms,mechanism_levels,compound_degree,repetition,attempt,campaign_order,config_path,run_directory,expected_control_id,source_commit,status
sloscope-phase6-v2,INPUT_MEDIUM,phase6v2-r01-input-medium-a01,input,"[""input_medium""]","{""input_medium"": ""medium""}",1,1,1,1,configs/phase5/runs/phase6v2-r01-input-medium-a01.yaml,runs/phase6-v2/phase6v2-r01-input-medium-a01,BASELINE,f075b3a5b23d043abc62f89cd2fd2846902b9741,PLANNED
sloscope-phase6-v2,INPUT_LOAD,phase6v2-r01-input-load-a01,compound,"[""input_medium"", ""load_12rps""]","{""input_medium"": ""medium"", ""load_12rps"": ""medium""}",2,1,1,2,configs/phase5/runs/phase6v2-r01-input-load-a01.yaml,runs/phase6-v2/phase6v2-r01-input-load-a01,BASELINE,f075b3a5b23d043abc62f89cd2fd2846902b9741,PLANNED
sloscope-phase6-v2,OUTPUT_MEDIUM,phase6v2-r01-output-medium-a01,output,"[""output_32""]","{""output_32"": ""medium""}",1,1,1,3,configs/phase5/runs/phase6v2-r01-output-medium-a01.yaml,runs/phase6-v2/phase6v2-r01-output-medium-a01,OUTPUT_CONTROL,f075b3a5b23d043abc62f89cd2fd2846902b9741,PLANNED
sloscope-phase6-v2,LOAD_DOWNSTREAM,phase6v2-r01-load-downstream-a01,compound,"[""load_12rps"", ""downstream_100ms""]","{""downstream_100ms"": ""medium"", ""load_12rps"": ""medium""}",2,1,1,4,configs/phase5/runs/phase6v2-r01-load-downstream-a01.yaml,runs/phase6-v2/phase6v2-r01-load-downstream-a01,BASELINE,f075b3a5b23d043abc62f89cd2fd2846902b9741,PLANNED
sloscope-phase6-v2,OUTPUT_DOWNSTREAM_CONTROL,phase6v2-r01-output-downstream-control-a01,control,"[""downstream_100ms""]","{""downstream_100ms"": ""medium""}",1,1,1,5,configs/phase5/runs/phase6v2-r01-output-downstream-control-a01.yaml,runs/phase6-v2/phase6v2-r01-output-downstream-control-a01,OUTPUT_CONTROL,f075b3a5b23d043abc62f89cd2fd2846902b9741,PLANNED
sloscope-phase6-v2,DOWNSTREAM_MEDIUM,phase6v2-r01-downstream-medium-a01,downstream,"[""downstream_100ms""]","{""downstream_100ms"": ""medium""}",1,1,1,6,configs/phase5/runs/phase6v2-r01-downstream-medium-a01.yaml,runs/phase6-v2/phase6v2-r01-downstream-medium-a01,BASELINE,f075b3a5b23d043abc62f89cd2fd2846902b9741,PLANNED
sloscope-phase6-v2,OUTPUT_LOAD_CONTROL,phase6v2-r01-output-load-control-a01,control,"[""load_12rps""]","{""load_12rps"": ""medium""}",1,1,1,7,configs/phase5/runs/phase6v2-r01-output-load-control-a01.yaml,runs/phase6-v2/phase6v2-r01-output-load-control-a01,OUTPUT_CONTROL,f075b3a5b23d043abc62f89cd2fd2846902b9741,PLANNED
sloscope-phase6-v2,INPUT_DOWNSTREAM,phase6v2-r01-input-downstream-a01,compound,"[""input_medium"", ""downstream_100ms""]","{""downstream_100ms"": ""medium"", ""input_medium"": ""medium""}",2,1,1,8,configs/phase5/runs/phase6v2-r01-input-downstream-a01.yaml,runs/phase6-v2/phase6v2-r01-input-downstream-a01,BASELINE,f075b3a5b23d043abc62f89cd2fd2846902b9741,PLANNED
sloscope-phase6-v2,OUTPUT_CONTROL,phase6v2-r01-output-control-a01,control,[],{},0,1,1,9,configs/phase5/runs/phase6v2-r01-output-control-a01.yaml,runs/phase6-v2/phase6v2-r01-output-control-a01,,f075b3a5b23d043abc62f89cd2fd2846902b9741,PLANNED
sloscope-phase6-v2,OUTPUT_DOWNSTREAM,phase6v2-r01-output-downstream-a01,compound,"[""output_32"", ""downstream_100ms""]","{""downstream_100ms"": ""medium"", ""output_32"": ""medium""}",2,1,1,10,configs/phase5/runs/phase6v2-r01-output-downstream-a01.yaml,runs/phase6-v2/phase6v2-r01-output-downstream-a01,OUTPUT_CONTROL,f075b3a5b23d043abc62f89cd2fd2846902b9741,PLANNED
sloscope-phase6-v2,BASELINE,phase6v2-r01-baseline-a01,control,[],{},0,1,1,11,configs/phase5/runs/phase6v2-r01-baseline-a01.yaml,runs/phase6-v2/phase6v2-r01-baseline-a01,,f075b3a5b23d043abc62f89cd2fd2846902b9741,PLANNED
sloscope-phase6-v2,OUTPUT_LOAD,phase6v2-r01-output-load-a01,compound,"[""output_32"", ""load_12rps""]","{""load_12rps"": ""medium"", ""output_32"": ""medium""}",2,1,1,12,configs/phase5/runs/phase6v2-r01-output-load-a01.yaml,runs/phase6-v2/phase6v2-r01-output-load-a01,OUTPUT_CONTROL,f075b3a5b23d043abc62f89cd2fd2846902b9741,PLANNED
sloscope-phase6-v2,LOAD_MEDIUM,phase6v2-r01-load-medium-a01,load,"[""load_12rps""]","{""load_12rps"": ""medium""}",1,1,1,13,configs/phase5/runs/phase6v2-r01-load-medium-a01.yaml,runs/phase6-v2/phase6v2-r01-load-medium-a01,BASELINE,f075b3a5b23d043abc62f89cd2fd2846902b9741,PLANNED
sloscope-phase6-v2,OUTPUT_CONTROL,phase6v2-r02-output-control-a01,control,[],{},0,2,1,14,configs/phase5/runs/phase6v2-r02-output-control-a01.yaml,runs/phase6-v2/phase6v2-r02-output-control-a01,,f075b3a5b23d043abc62f89cd2fd2846902b9741,PLANNED
sloscope-phase6-v2,INPUT_DOWNSTREAM,phase6v2-r02-input-downstream-a01,compound,"[""input_medium"", ""downstream_100ms""]","{""downstream_100ms"": ""medium"", ""input_medium"": ""medium""}",2,2,1,15,configs/phase5/runs/phase6v2-r02-input-downstream-a01.yaml,runs/phase6-v2/phase6v2-r02-input-downstream-a01,BASELINE,f075b3a5b23d043abc62f89cd2fd2846902b9741,PLANNED
sloscope-phase6-v2,BASELINE,phase6v2-r02-baseline-a01,control,[],{},0,2,1,16,configs/phase5/runs/phase6v2-r02-baseline-a01.yaml,runs/phase6-v2/phase6v2-r02-baseline-a01,,f075b3a5b23d043abc62f89cd2fd2846902b9741,PLANNED
sloscope-phase6-v2,OUTPUT_MEDIUM,phase6v2-r02-output-medium-a01,output,"[""output_32""]","{""output_32"": ""medium""}",1,2,1,17,configs/phase5/runs/phase6v2-r02-output-medium-a01.yaml,runs/phase6-v2/phase6v2-r02-output-medium-a01,OUTPUT_CONTROL,f075b3a5b23d043abc62f89cd2fd2846902b9741,PLANNED
sloscope-phase6-v2,INPUT_MEDIUM,phase6v2-r02-input-medium-a01,input,"[""input_medium""]","{""input_medium"": ""medium""}",1,2,1,18,configs/phase5/runs/phase6v2-r02-input-medium-a01.yaml,runs/phase6-v2/phase6v2-r02-input-medium-a01,BASELINE,f075b3a5b23d043abc62f89cd2fd2846902b9741,PLANNED
sloscope-phase6-v2,OUTPUT_LOAD,phase6v2-r02-output-load-a01,compound,"[""output_32"", ""load_12rps""]","{""load_12rps"": ""medium"", ""output_32"": ""medium""}",2,2,1,19,configs/phase5/runs/phase6v2-r02-output-load-a01.yaml,runs/phase6-v2/phase6v2-r02-output-load-a01,OUTPUT_CONTROL,f075b3a5b23d043abc62f89cd2fd2846902b9741,PLANNED
sloscope-phase6-v2,OUTPUT_DOWNSTREAM,phase6v2-r02-output-downstream-a01,compound,"[""output_32"", ""downstream_100ms""]","{""downstream_100ms"": ""medium"", ""output_32"": ""medium""}",2,2,1,20,configs/phase5/runs/phase6v2-r02-output-downstream-a01.yaml,runs/phase6-v2/phase6v2-r02-output-downstream-a01,OUTPUT_CONTROL,f075b3a5b23d043abc62f89cd2fd2846902b9741,PLANNED
sloscope-phase6-v2,OUTPUT_DOWNSTREAM_CONTROL,phase6v2-r02-output-downstream-control-a01,control,"[""downstream_100ms""]","{""downstream_100ms"": ""medium""}",1,2,1,21,configs/phase5/runs/phase6v2-r02-output-downstream-control-a01.yaml,runs/phase6-v2/phase6v2-r02-output-downstream-control-a01,OUTPUT_CONTROL,f075b3a5b23d043abc62f89cd2fd2846902b9741,PLANNED
sloscope-phase6-v2,INPUT_LOAD,phase6v2-r02-input-load-a01,compound,"[""input_medium"", ""load_12rps""]","{""input_medium"": ""medium"", ""load_12rps"": ""medium""}",2,2,1,22,configs/phase5/runs/phase6v2-r02-input-load-a01.yaml,runs/phase6-v2/phase6v2-r02-input-load-a01,BASELINE,f075b3a5b23d043abc62f89cd2fd2846902b9741,PLANNED
sloscope-phase6-v2,LOAD_DOWNSTREAM,phase6v2-r02-load-downstream-a01,compound,"[""load_12rps"", ""downstream_100ms""]","{""downstream_100ms"": ""medium"", ""load_12rps"": ""medium""}",2,2,1,23,configs/phase5/runs/phase6v2-r02-load-downstream-a01.yaml,runs/phase6-v2/phase6v2-r02-load-downstream-a01,BASELINE,f075b3a5b23d043abc62f89cd2fd2846902b9741,PLANNED
sloscope-phase6-v2,LOAD_MEDIUM,phase6v2-r02-load-medium-a01,load,"[""load_12rps""]","{""load_12rps"": ""medium""}",1,2,1,24,configs/phase5/runs/phase6v2-r02-load-medium-a01.yaml,runs/phase6-v2/phase6v2-r02-load-medium-a01,BASELINE,f075b3a5b23d043abc62f89cd2fd2846902b9741,PLANNED
sloscope-phase6-v2,DOWNSTREAM_MEDIUM,phase6v2-r02-downstream-medium-a01,downstream,"[""downstream_100ms""]","{""downstream_100ms"": ""medium""}",1,2,1,25,configs/phase5/runs/phase6v2-r02-downstream-medium-a01.yaml,runs/phase6-v2/phase6v2-r02-downstream-medium-a01,BASELINE,f075b3a5b23d043abc62f89cd2fd2846902b9741,PLANNED
sloscope-phase6-v2,OUTPUT_LOAD_CONTROL,phase6v2-r02-output-load-control-a01,control,"[""load_12rps""]","{""load_12rps"": ""medium""}",1,2,1,26,configs/phase5/runs/phase6v2-r02-output-load-control-a01.yaml,runs/phase6-v2/phase6v2-r02-output-load-control-a01,OUTPUT_CONTROL,f075b3a5b23d043abc62f89cd2fd2846902b9741,PLANNED
sloscope-phase6-v2,OUTPUT_DOWNSTREAM,phase6v2-r03-output-downstream-a01,compound,"[""output_32"", ""downstream_100ms""]","{""downstream_100ms"": ""medium"", ""output_32"": ""medium""}",2,3,1,27,configs/phase5/runs/phase6v2-r03-output-downstream-a01.yaml,runs/phase6-v2/phase6v2-r03-output-downstream-a01,OUTPUT_CONTROL,f075b3a5b23d043abc62f89cd2fd2846902b9741,PLANNED
sloscope-phase6-v2,INPUT_MEDIUM,phase6v2-r03-input-medium-a01,input,"[""input_medium""]","{""input_medium"": ""medium""}",1,3,1,28,configs/phase5/runs/phase6v2-r03-input-medium-a01.yaml,runs/phase6-v2/phase6v2-r03-input-medium-a01,BASELINE,f075b3a5b23d043abc62f89cd2fd2846902b9741,PLANNED
sloscope-phase6-v2,OUTPUT_LOAD,phase6v2-r03-output-load-a01,compound,"[""output_32"", ""load_12rps""]","{""load_12rps"": ""medium"", ""output_32"": ""medium""}",2,3,1,29,configs/phase5/runs/phase6v2-r03-output-load-a01.yaml,runs/phase6-v2/phase6v2-r03-output-load-a01,OUTPUT_CONTROL,f075b3a5b23d043abc62f89cd2fd2846902b9741,PLANNED
sloscope-phase6-v2,INPUT_DOWNSTREAM,phase6v2-r03-input-downstream-a01,compound,"[""input_medium"", ""downstream_100ms""]","{""downstream_100ms"": ""medium"", ""input_medium"": ""medium""}",2,3,1,30,configs/phase5/runs/phase6v2-r03-input-downstream-a01.yaml,runs/phase6-v2/phase6v2-r03-input-downstream-a01,BASELINE,f075b3a5b23d043abc62f89cd2fd2846902b9741,PLANNED
sloscope-phase6-v2,INPUT_LOAD,phase6v2-r03-input-load-a01,compound,"[""input_medium"", ""load_12rps""]","{""input_medium"": ""medium"", ""load_12rps"": ""medium""}",2,3,1,31,configs/phase5/runs/phase6v2-r03-input-load-a01.yaml,runs/phase6-v2/phase6v2-r03-input-load-a01,BASELINE,f075b3a5b23d043abc62f89cd2fd2846902b9741,PLANNED
sloscope-phase6-v2,BASELINE,phase6v2-r03-baseline-a01,control,[],{},0,3,1,32,configs/phase5/runs/phase6v2-r03-baseline-a01.yaml,runs/phase6-v2/phase6v2-r03-baseline-a01,,f075b3a5b23d043abc62f89cd2fd2846902b9741,PLANNED
sloscope-phase6-v2,DOWNSTREAM_MEDIUM,phase6v2-r03-downstream-medium-a01,downstream,"[""downstream_100ms""]","{""downstream_100ms"": ""medium""}",1,3,1,33,configs/phase5/runs/phase6v2-r03-downstream-medium-a01.yaml,runs/phase6-v2/phase6v2-r03-downstream-medium-a01,BASELINE,f075b3a5b23d043abc62f89cd2fd2846902b9741,PLANNED
sloscope-phase6-v2,OUTPUT_LOAD_CONTROL,phase6v2-r03-output-load-control-a01,control,"[""load_12rps""]","{""load_12rps"": ""medium""}",1,3,1,34,configs/phase5/runs/phase6v2-r03-output-load-control-a01.yaml,runs/phase6-v2/phase6v2-r03-output-load-control-a01,OUTPUT_CONTROL,f075b3a5b23d043abc62f89cd2fd2846902b9741,PLANNED
sloscope-phase6-v2,OUTPUT_MEDIUM,phase6v2-r03-output-medium-a01,output,"[""output_32""]","{""output_32"": ""medium""}",1,3,1,35,configs/phase5/runs/phase6v2-r03-output-medium-a01.yaml,runs/phase6-v2/phase6v2-r03-output-medium-a01,OUTPUT_CONTROL,f075b3a5b23d043abc62f89cd2fd2846902b9741,PLANNED
sloscope-phase6-v2,LOAD_DOWNSTREAM,phase6v2-r03-load-downstream-a01,compound,"[""load_12rps"", ""downstream_100ms""]","{""downstream_100ms"": ""medium"", ""load_12rps"": ""medium""}",2,3,1,36,configs/phase5/runs/phase6v2-r03-load-downstream-a01.yaml,runs/phase6-v2/phase6v2-r03-load-downstream-a01,BASELINE,f075b3a5b23d043abc62f89cd2fd2846902b9741,PLANNED
sloscope-phase6-v2,OUTPUT_DOWNSTREAM_CONTROL,phase6v2-r03-output-downstream-control-a01,control,"[""downstream_100ms""]","{""downstream_100ms"": ""medium""}",1,3,1,37,configs/phase5/runs/phase6v2-r03-output-downstream-control-a01.yaml,runs/phase6-v2/phase6v2-r03-output-downstream-control-a01,OUTPUT_CONTROL,f075b3a5b23d043abc62f89cd2fd2846902b9741,PLANNED
sloscope-phase6-v2,OUTPUT_CONTROL,phase6v2-r03-output-control-a01,control,[],{},0,3,1,38,configs/phase5/runs/phase6v2-r03-output-control-a01.yaml,runs/phase6-v2/phase6v2-r03-output-control-a01,,f075b3a5b23d043abc62f89cd2fd2846902b9741,PLANNED
sloscope-phase6-v2,LOAD_MEDIUM,phase6v2-r03-load-medium-a01,load,"[""load_12rps""]","{""load_12rps"": ""medium""}",1,3,1,39,configs/phase5/runs/phase6v2-r03-load-medium-a01.yaml,runs/phase6-v2/phase6v2-r03-load-medium-a01,BASELINE,f075b3a5b23d043abc62f89cd2fd2846902b9741,PLANNED
sloscope-phase6-v2,INPUT_LOAD,phase6v2-r04-input-load-a01,compound,"[""input_medium"", ""load_12rps""]","{""input_medium"": ""medium"", ""load_12rps"": ""medium""}",2,4,1,40,configs/phase5/runs/phase6v2-r04-input-load-a01.yaml,runs/phase6-v2/phase6v2-r04-input-load-a01,BASELINE,f075b3a5b23d043abc62f89cd2fd2846902b9741,PLANNED
sloscope-phase6-v2,OUTPUT_LOAD,phase6v2-r04-output-load-a01,compound,"[""output_32"", ""load_12rps""]","{""load_12rps"": ""medium"", ""output_32"": ""medium""}",2,4,1,41,configs/phase5/runs/phase6v2-r04-output-load-a01.yaml,runs/phase6-v2/phase6v2-r04-output-load-a01,OUTPUT_CONTROL,f075b3a5b23d043abc62f89cd2fd2846902b9741,PLANNED
sloscope-phase6-v2,DOWNSTREAM_MEDIUM,phase6v2-r04-downstream-medium-a01,downstream,"[""downstream_100ms""]","{""downstream_100ms"": ""medium""}",1,4,1,42,configs/phase5/runs/phase6v2-r04-downstream-medium-a01.yaml,runs/phase6-v2/phase6v2-r04-downstream-medium-a01,BASELINE,f075b3a5b23d043abc62f89cd2fd2846902b9741,PLANNED
sloscope-phase6-v2,OUTPUT_CONTROL,phase6v2-r04-output-control-a01,control,[],{},0,4,1,43,configs/phase5/runs/phase6v2-r04-output-control-a01.yaml,runs/phase6-v2/phase6v2-r04-output-control-a01,,f075b3a5b23d043abc62f89cd2fd2846902b9741,PLANNED
sloscope-phase6-v2,OUTPUT_LOAD_CONTROL,phase6v2-r04-output-load-control-a01,control,"[""load_12rps""]","{""load_12rps"": ""medium""}",1,4,1,44,configs/phase5/runs/phase6v2-r04-output-load-control-a01.yaml,runs/phase6-v2/phase6v2-r04-output-load-control-a01,OUTPUT_CONTROL,f075b3a5b23d043abc62f89cd2fd2846902b9741,PLANNED
sloscope-phase6-v2,OUTPUT_DOWNSTREAM_CONTROL,phase6v2-r04-output-downstream-control-a01,control,"[""downstream_100ms""]","{""downstream_100ms"": ""medium""}",1,4,1,45,configs/phase5/runs/phase6v2-r04-output-downstream-control-a01.yaml,runs/phase6-v2/phase6v2-r04-output-downstream-control-a01,OUTPUT_CONTROL,f075b3a5b23d043abc62f89cd2fd2846902b9741,PLANNED
sloscope-phase6-v2,BASELINE,phase6v2-r04-baseline-a01,control,[],{},0,4,1,46,configs/phase5/runs/phase6v2-r04-baseline-a01.yaml,runs/phase6-v2/phase6v2-r04-baseline-a01,,f075b3a5b23d043abc62f89cd2fd2846902b9741,PLANNED
sloscope-phase6-v2,INPUT_MEDIUM,phase6v2-r04-input-medium-a01,input,"[""input_medium""]","{""input_medium"": ""medium""}",1,4,1,47,configs/phase5/runs/phase6v2-r04-input-medium-a01.yaml,runs/phase6-v2/phase6v2-r04-input-medium-a01,BASELINE,f075b3a5b23d043abc62f89cd2fd2846902b9741,PLANNED
sloscope-phase6-v2,INPUT_DOWNSTREAM,phase6v2-r04-input-downstream-a01,compound,"[""input_medium"", ""downstream_100ms""]","{""downstream_100ms"": ""medium"", ""input_medium"": ""medium""}",2,4,1,48,configs/phase5/runs/phase6v2-r04-input-downstream-a01.yaml,runs/phase6-v2/phase6v2-r04-input-downstream-a01,BASELINE,f075b3a5b23d043abc62f89cd2fd2846902b9741,PLANNED
sloscope-phase6-v2,OUTPUT_DOWNSTREAM,phase6v2-r04-output-downstream-a01,compound,"[""output_32"", ""downstream_100ms""]","{""downstream_100ms"": ""medium"", ""output_32"": ""medium""}",2,4,1,49,configs/phase5/runs/phase6v2-r04-output-downstream-a01.yaml,runs/phase6-v2/phase6v2-r04-output-downstream-a01,OUTPUT_CONTROL,f075b3a5b23d043abc62f89cd2fd2846902b9741,PLANNED
sloscope-phase6-v2,LOAD_MEDIUM,phase6v2-r04-load-medium-a01,load,"[""load_12rps""]","{""load_12rps"": ""medium""}",1,4,1,50,configs/phase5/runs/phase6v2-r04-load-medium-a01.yaml,runs/phase6-v2/phase6v2-r04-load-medium-a01,BASELINE,f075b3a5b23d043abc62f89cd2fd2846902b9741,PLANNED
sloscope-phase6-v2,LOAD_DOWNSTREAM,phase6v2-r04-load-downstream-a01,compound,"[""load_12rps"", ""downstream_100ms""]","{""downstream_100ms"": ""medium"", ""load_12rps"": ""medium""}",2,4,1,51,configs/phase5/runs/phase6v2-r04-load-downstream-a01.yaml,runs/phase6-v2/phase6v2-r04-load-downstream-a01,BASELINE,f075b3a5b23d043abc62f89cd2fd2846902b9741,PLANNED
sloscope-phase6-v2,OUTPUT_MEDIUM,phase6v2-r04-output-medium-a01,output,"[""output_32""]","{""output_32"": ""medium""}",1,4,1,52,configs/phase5/runs/phase6v2-r04-output-medium-a01.yaml,runs/phase6-v2/phase6v2-r04-output-medium-a01,OUTPUT_CONTROL,f075b3a5b23d043abc62f89cd2fd2846902b9741,PLANNED
sloscope-phase6-v2,OUTPUT_DOWNSTREAM,phase6v2-r05-output-downstream-a01,compound,"[""output_32"", ""downstream_100ms""]","{""downstream_100ms"": ""medium"", ""output_32"": ""medium""}",2,5,1,53,configs/phase5/runs/phase6v2-r05-output-downstream-a01.yaml,runs/phase6-v2/phase6v2-r05-output-downstream-a01,OUTPUT_CONTROL,f075b3a5b23d043abc62f89cd2fd2846902b9741,PLANNED
sloscope-phase6-v2,INPUT_DOWNSTREAM,phase6v2-r05-input-downstream-a01,compound,"[""input_medium"", ""downstream_100ms""]","{""downstream_100ms"": ""medium"", ""input_medium"": ""medium""}",2,5,1,54,configs/phase5/runs/phase6v2-r05-input-downstream-a01.yaml,runs/phase6-v2/phase6v2-r05-input-downstream-a01,BASELINE,f075b3a5b23d043abc62f89cd2fd2846902b9741,PLANNED
sloscope-phase6-v2,LOAD_DOWNSTREAM,phase6v2-r05-load-downstream-a01,compound,"[""load_12rps"", ""downstream_100ms""]","{""downstream_100ms"": ""medium"", ""load_12rps"": ""medium""}",2,5,1,55,configs/phase5/runs/phase6v2-r05-load-downstream-a01.yaml,runs/phase6-v2/phase6v2-r05-load-downstream-a01,BASELINE,f075b3a5b23d043abc62f89cd2fd2846902b9741,PLANNED
sloscope-phase6-v2,OUTPUT_DOWNSTREAM_CONTROL,phase6v2-r05-output-downstream-control-a01,control,"[""downstream_100ms""]","{""downstream_100ms"": ""medium""}",1,5,1,56,configs/phase5/runs/phase6v2-r05-output-downstream-control-a01.yaml,runs/phase6-v2/phase6v2-r05-output-downstream-control-a01,OUTPUT_CONTROL,f075b3a5b23d043abc62f89cd2fd2846902b9741,PLANNED
sloscope-phase6-v2,OUTPUT_LOAD_CONTROL,phase6v2-r05-output-load-control-a01,control,"[""load_12rps""]","{""load_12rps"": ""medium""}",1,5,1,57,configs/phase5/runs/phase6v2-r05-output-load-control-a01.yaml,runs/phase6-v2/phase6v2-r05-output-load-control-a01,OUTPUT_CONTROL,f075b3a5b23d043abc62f89cd2fd2846902b9741,PLANNED
sloscope-phase6-v2,INPUT_MEDIUM,phase6v2-r05-input-medium-a01,input,"[""input_medium""]","{""input_medium"": ""medium""}",1,5,1,58,configs/phase5/runs/phase6v2-r05-input-medium-a01.yaml,runs/phase6-v2/phase6v2-r05-input-medium-a01,BASELINE,f075b3a5b23d043abc62f89cd2fd2846902b9741,PLANNED
sloscope-phase6-v2,OUTPUT_CONTROL,phase6v2-r05-output-control-a01,control,[],{},0,5,1,59,configs/phase5/runs/phase6v2-r05-output-control-a01.yaml,runs/phase6-v2/phase6v2-r05-output-control-a01,,f075b3a5b23d043abc62f89cd2fd2846902b9741,PLANNED
sloscope-phase6-v2,BASELINE,phase6v2-r05-baseline-a01,control,[],{},0,5,1,60,configs/phase5/runs/phase6v2-r05-baseline-a01.yaml,runs/phase6-v2/phase6v2-r05-baseline-a01,,f075b3a5b23d043abc62f89cd2fd2846902b9741,PLANNED
sloscope-phase6-v2,INPUT_LOAD,phase6v2-r05-input-load-a01,compound,"[""input_medium"", ""load_12rps""]","{""input_medium"": ""medium"", ""load_12rps"": ""medium""}",2,5,1,61,configs/phase5/runs/phase6v2-r05-input-load-a01.yaml,runs/phase6-v2/phase6v2-r05-input-load-a01,BASELINE,f075b3a5b23d043abc62f89cd2fd2846902b9741,PLANNED
sloscope-phase6-v2,DOWNSTREAM_MEDIUM,phase6v2-r05-downstream-medium-a01,downstream,"[""downstream_100ms""]","{""downstream_100ms"": ""medium""}",1,5,1,62,configs/phase5/runs/phase6v2-r05-downstream-medium-a01.yaml,runs/phase6-v2/phase6v2-r05-downstream-medium-a01,BASELINE,f075b3a5b23d043abc62f89cd2fd2846902b9741,PLANNED
sloscope-phase6-v2,LOAD_MEDIUM,phase6v2-r05-load-medium-a01,load,"[""load_12rps""]","{""load_12rps"": ""medium""}",1,5,1,63,configs/phase5/runs/phase6v2-r05-load-medium-a01.yaml,runs/phase6-v2/phase6v2-r05-load-medium-a01,BASELINE,f075b3a5b23d043abc62f89cd2fd2846902b9741,PLANNED
sloscope-phase6-v2,OUTPUT_MEDIUM,phase6v2-r05-output-medium-a01,output,"[""output_32""]","{""output_32"": ""medium""}",1,5,1,64,configs/phase5/runs/phase6v2-r05-output-medium-a01.yaml,runs/phase6-v2/phase6v2-r05-output-medium-a01,OUTPUT_CONTROL,f075b3a5b23d043abc62f89cd2fd2846902b9741,PLANNED
sloscope-phase6-v2,OUTPUT_LOAD,phase6v2-r05-output-load-a01,compound,"[""output_32"", ""load_12rps""]","{""load_12rps"": ""medium"", ""output_32"": ""medium""}",2,5,1,65,configs/phase5/runs/phase6v2-r05-output-load-a01.yaml,runs/phase6-v2/phase6v2-r05-output-load-a01,OUTPUT_CONTROL,f075b3a5b23d043abc62f89cd2fd2846902b9741,PLANNED
sloscope-phase6-v2,BASELINE,phase6v2-r06-baseline-a01,control,[],{},0,6,1,66,configs/phase5/runs/phase6v2-r06-baseline-a01.yaml,runs/phase6-v2/phase6v2-r06-baseline-a01,,f075b3a5b23d043abc62f89cd2fd2846902b9741,PLANNED
sloscope-phase6-v2,INPUT_LOAD,phase6v2-r06-input-load-a01,compound,"[""input_medium"", ""load_12rps""]","{""input_medium"": ""medium"", ""load_12rps"": ""medium""}",2,6,1,67,configs/phase5/runs/phase6v2-r06-input-load-a01.yaml,runs/phase6-v2/phase6v2-r06-input-load-a01,BASELINE,f075b3a5b23d043abc62f89cd2fd2846902b9741,PLANNED
sloscope-phase6-v2,OUTPUT_DOWNSTREAM_CONTROL,phase6v2-r06-output-downstream-control-a01,control,"[""downstream_100ms""]","{""downstream_100ms"": ""medium""}",1,6,1,68,configs/phase5/runs/phase6v2-r06-output-downstream-control-a01.yaml,runs/phase6-v2/phase6v2-r06-output-downstream-control-a01,OUTPUT_CONTROL,f075b3a5b23d043abc62f89cd2fd2846902b9741,PLANNED
sloscope-phase6-v2,INPUT_MEDIUM,phase6v2-r06-input-medium-a01,input,"[""input_medium""]","{""input_medium"": ""medium""}",1,6,1,69,configs/phase5/runs/phase6v2-r06-input-medium-a01.yaml,runs/phase6-v2/phase6v2-r06-input-medium-a01,BASELINE,f075b3a5b23d043abc62f89cd2fd2846902b9741,PLANNED
sloscope-phase6-v2,OUTPUT_LOAD_CONTROL,phase6v2-r06-output-load-control-a01,control,"[""load_12rps""]","{""load_12rps"": ""medium""}",1,6,1,70,configs/phase5/runs/phase6v2-r06-output-load-control-a01.yaml,runs/phase6-v2/phase6v2-r06-output-load-control-a01,OUTPUT_CONTROL,f075b3a5b23d043abc62f89cd2fd2846902b9741,PLANNED
sloscope-phase6-v2,LOAD_DOWNSTREAM,phase6v2-r06-load-downstream-a01,compound,"[""load_12rps"", ""downstream_100ms""]","{""downstream_100ms"": ""medium"", ""load_12rps"": ""medium""}",2,6,1,71,configs/phase5/runs/phase6v2-r06-load-downstream-a01.yaml,runs/phase6-v2/phase6v2-r06-load-downstream-a01,BASELINE,f075b3a5b23d043abc62f89cd2fd2846902b9741,PLANNED
sloscope-phase6-v2,OUTPUT_LOAD,phase6v2-r06-output-load-a01,compound,"[""output_32"", ""load_12rps""]","{""load_12rps"": ""medium"", ""output_32"": ""medium""}",2,6,1,72,configs/phase5/runs/phase6v2-r06-output-load-a01.yaml,runs/phase6-v2/phase6v2-r06-output-load-a01,OUTPUT_CONTROL,f075b3a5b23d043abc62f89cd2fd2846902b9741,PLANNED
sloscope-phase6-v2,DOWNSTREAM_MEDIUM,phase6v2-r06-downstream-medium-a01,downstream,"[""downstream_100ms""]","{""downstream_100ms"": ""medium""}",1,6,1,73,configs/phase5/runs/phase6v2-r06-downstream-medium-a01.yaml,runs/phase6-v2/phase6v2-r06-downstream-medium-a01,BASELINE,f075b3a5b23d043abc62f89cd2fd2846902b9741,PLANNED
sloscope-phase6-v2,INPUT_DOWNSTREAM,phase6v2-r06-input-downstream-a01,compound,"[""input_medium"", ""downstream_100ms""]","{""downstream_100ms"": ""medium"", ""input_medium"": ""medium""}",2,6,1,74,configs/phase5/runs/phase6v2-r06-input-downstream-a01.yaml,runs/phase6-v2/phase6v2-r06-input-downstream-a01,BASELINE,f075b3a5b23d043abc62f89cd2fd2846902b9741,PLANNED
sloscope-phase6-v2,LOAD_MEDIUM,phase6v2-r06-load-medium-a01,load,"[""load_12rps""]","{""load_12rps"": ""medium""}",1,6,1,75,configs/phase5/runs/phase6v2-r06-load-medium-a01.yaml,runs/phase6-v2/phase6v2-r06-load-medium-a01,BASELINE,f075b3a5b23d043abc62f89cd2fd2846902b9741,PLANNED
sloscope-phase6-v2,OUTPUT_MEDIUM,phase6v2-r06-output-medium-a01,output,"[""output_32""]","{""output_32"": ""medium""}",1,6,1,76,configs/phase5/runs/phase6v2-r06-output-medium-a01.yaml,runs/phase6-v2/phase6v2-r06-output-medium-a01,OUTPUT_CONTROL,f075b3a5b23d043abc62f89cd2fd2846902b9741,PLANNED
sloscope-phase6-v2,OUTPUT_CONTROL,phase6v2-r06-output-control-a01,control,[],{},0,6,1,77,configs/phase5/runs/phase6v2-r06-output-control-a01.yaml,runs/phase6-v2/phase6v2-r06-output-control-a01,,f075b3a5b23d043abc62f89cd2fd2846902b9741,PLANNED
sloscope-phase6-v2,OUTPUT_DOWNSTREAM,phase6v2-r06-output-downstream-a01,compound,"[""output_32"", ""downstream_100ms""]","{""downstream_100ms"": ""medium"", ""output_32"": ""medium""}",2,6,1,78,configs/phase5/runs/phase6v2-r06-output-downstream-a01.yaml,runs/phase6-v2/phase6v2-r06-output-downstream-a01,OUTPUT_CONTROL,f075b3a5b23d043abc62f89cd2fd2846902b9741,PLANNED
sloscope-phase6-v2,OUTPUT_LOAD,phase6v2-r07-output-load-a01,compound,"[""output_32"", ""load_12rps""]","{""load_12rps"": ""medium"", ""output_32"": ""medium""}",2,7,1,79,configs/phase5/runs/phase6v2-r07-output-load-a01.yaml,runs/phase6-v2/phase6v2-r07-output-load-a01,OUTPUT_CONTROL,f075b3a5b23d043abc62f89cd2fd2846902b9741,PLANNED
sloscope-phase6-v2,LOAD_DOWNSTREAM,phase6v2-r07-load-downstream-a01,compound,"[""load_12rps"", ""downstream_100ms""]","{""downstream_100ms"": ""medium"", ""load_12rps"": ""medium""}",2,7,1,80,configs/phase5/runs/phase6v2-r07-load-downstream-a01.yaml,runs/phase6-v2/phase6v2-r07-load-downstream-a01,BASELINE,f075b3a5b23d043abc62f89cd2fd2846902b9741,PLANNED
sloscope-phase6-v2,BASELINE,phase6v2-r07-baseline-a01,control,[],{},0,7,1,81,configs/phase5/runs/phase6v2-r07-baseline-a01.yaml,runs/phase6-v2/phase6v2-r07-baseline-a01,,f075b3a5b23d043abc62f89cd2fd2846902b9741,PLANNED
sloscope-phase6-v2,INPUT_DOWNSTREAM,phase6v2-r07-input-downstream-a01,compound,"[""input_medium"", ""downstream_100ms""]","{""downstream_100ms"": ""medium"", ""input_medium"": ""medium""}",2,7,1,82,configs/phase5/runs/phase6v2-r07-input-downstream-a01.yaml,runs/phase6-v2/phase6v2-r07-input-downstream-a01,BASELINE,f075b3a5b23d043abc62f89cd2fd2846902b9741,PLANNED
sloscope-phase6-v2,OUTPUT_DOWNSTREAM_CONTROL,phase6v2-r07-output-downstream-control-a01,control,"[""downstream_100ms""]","{""downstream_100ms"": ""medium""}",1,7,1,83,configs/phase5/runs/phase6v2-r07-output-downstream-control-a01.yaml,runs/phase6-v2/phase6v2-r07-output-downstream-control-a01,OUTPUT_CONTROL,f075b3a5b23d043abc62f89cd2fd2846902b9741,PLANNED
sloscope-phase6-v2,OUTPUT_LOAD_CONTROL,phase6v2-r07-output-load-control-a01,control,"[""load_12rps""]","{""load_12rps"": ""medium""}",1,7,1,84,configs/phase5/runs/phase6v2-r07-output-load-control-a01.yaml,runs/phase6-v2/phase6v2-r07-output-load-control-a01,OUTPUT_CONTROL,f075b3a5b23d043abc62f89cd2fd2846902b9741,PLANNED
sloscope-phase6-v2,DOWNSTREAM_MEDIUM,phase6v2-r07-downstream-medium-a01,downstream,"[""downstream_100ms""]","{""downstream_100ms"": ""medium""}",1,7,1,85,configs/phase5/runs/phase6v2-r07-downstream-medium-a01.yaml,runs/phase6-v2/phase6v2-r07-downstream-medium-a01,BASELINE,f075b3a5b23d043abc62f89cd2fd2846902b9741,PLANNED
sloscope-phase6-v2,OUTPUT_CONTROL,phase6v2-r07-output-control-a01,control,[],{},0,7,1,86,configs/phase5/runs/phase6v2-r07-output-control-a01.yaml,runs/phase6-v2/phase6v2-r07-output-control-a01,,f075b3a5b23d043abc62f89cd2fd2846902b9741,PLANNED
sloscope-phase6-v2,INPUT_LOAD,phase6v2-r07-input-load-a01,compound,"[""input_medium"", ""load_12rps""]","{""input_medium"": ""medium"", ""load_12rps"": ""medium""}",2,7,1,87,configs/phase5/runs/phase6v2-r07-input-load-a01.yaml,runs/phase6-v2/phase6v2-r07-input-load-a01,BASELINE,f075b3a5b23d043abc62f89cd2fd2846902b9741,PLANNED
sloscope-phase6-v2,OUTPUT_MEDIUM,phase6v2-r07-output-medium-a01,output,"[""output_32""]","{""output_32"": ""medium""}",1,7,1,88,configs/phase5/runs/phase6v2-r07-output-medium-a01.yaml,runs/phase6-v2/phase6v2-r07-output-medium-a01,OUTPUT_CONTROL,f075b3a5b23d043abc62f89cd2fd2846902b9741,PLANNED
sloscope-phase6-v2,LOAD_MEDIUM,phase6v2-r07-load-medium-a01,load,"[""load_12rps""]","{""load_12rps"": ""medium""}",1,7,1,89,configs/phase5/runs/phase6v2-r07-load-medium-a01.yaml,runs/phase6-v2/phase6v2-r07-load-medium-a01,BASELINE,f075b3a5b23d043abc62f89cd2fd2846902b9741,PLANNED
sloscope-phase6-v2,INPUT_MEDIUM,phase6v2-r07-input-medium-a01,input,"[""input_medium""]","{""input_medium"": ""medium""}",1,7,1,90,configs/phase5/runs/phase6v2-r07-input-medium-a01.yaml,runs/phase6-v2/phase6v2-r07-input-medium-a01,BASELINE,f075b3a5b23d043abc62f89cd2fd2846902b9741,PLANNED
sloscope-phase6-v2,OUTPUT_DOWNSTREAM,phase6v2-r07-output-downstream-a01,compound,"[""output_32"", ""downstream_100ms""]","{""downstream_100ms"": ""medium"", ""output_32"": ""medium""}",2,7,1,91,configs/phase5/runs/phase6v2-r07-output-downstream-a01.yaml,runs/phase6-v2/phase6v2-r07-output-downstream-a01,OUTPUT_CONTROL,f075b3a5b23d043abc62f89cd2fd2846902b9741,PLANNED
sloscope-phase6-v2,OUTPUT_LOAD_CONTROL,phase6v2-r08-output-load-control-a01,control,"[""load_12rps""]","{""load_12rps"": ""medium""}",1,8,1,92,configs/phase5/runs/phase6v2-r08-output-load-control-a01.yaml,runs/phase6-v2/phase6v2-r08-output-load-control-a01,OUTPUT_CONTROL,f075b3a5b23d043abc62f89cd2fd2846902b9741,PLANNED
sloscope-phase6-v2,INPUT_MEDIUM,phase6v2-r08-input-medium-a01,input,"[""input_medium""]","{""input_medium"": ""medium""}",1,8,1,93,configs/phase5/runs/phase6v2-r08-input-medium-a01.yaml,runs/phase6-v2/phase6v2-r08-input-medium-a01,BASELINE,f075b3a5b23d043abc62f89cd2fd2846902b9741,PLANNED
sloscope-phase6-v2,OUTPUT_MEDIUM,phase6v2-r08-output-medium-a01,output,"[""output_32""]","{""output_32"": ""medium""}",1,8,1,94,configs/phase5/runs/phase6v2-r08-output-medium-a01.yaml,runs/phase6-v2/phase6v2-r08-output-medium-a01,OUTPUT_CONTROL,f075b3a5b23d043abc62f89cd2fd2846902b9741,PLANNED
sloscope-phase6-v2,OUTPUT_CONTROL,phase6v2-r08-output-control-a01,control,[],{},0,8,1,95,configs/phase5/runs/phase6v2-r08-output-control-a01.yaml,runs/phase6-v2/phase6v2-r08-output-control-a01,,f075b3a5b23d043abc62f89cd2fd2846902b9741,PLANNED
sloscope-phase6-v2,BASELINE,phase6v2-r08-baseline-a01,control,[],{},0,8,1,96,configs/phase5/runs/phase6v2-r08-baseline-a01.yaml,runs/phase6-v2/phase6v2-r08-baseline-a01,,f075b3a5b23d043abc62f89cd2fd2846902b9741,PLANNED
sloscope-phase6-v2,INPUT_LOAD,phase6v2-r08-input-load-a01,compound,"[""input_medium"", ""load_12rps""]","{""input_medium"": ""medium"", ""load_12rps"": ""medium""}",2,8,1,97,configs/phase5/runs/phase6v2-r08-input-load-a01.yaml,runs/phase6-v2/phase6v2-r08-input-load-a01,BASELINE,f075b3a5b23d043abc62f89cd2fd2846902b9741,PLANNED
sloscope-phase6-v2,OUTPUT_LOAD,phase6v2-r08-output-load-a01,compound,"[""output_32"", ""load_12rps""]","{""load_12rps"": ""medium"", ""output_32"": ""medium""}",2,8,1,98,configs/phase5/runs/phase6v2-r08-output-load-a01.yaml,runs/phase6-v2/phase6v2-r08-output-load-a01,OUTPUT_CONTROL,f075b3a5b23d043abc62f89cd2fd2846902b9741,PLANNED
sloscope-phase6-v2,DOWNSTREAM_MEDIUM,phase6v2-r08-downstream-medium-a01,downstream,"[""downstream_100ms""]","{""downstream_100ms"": ""medium""}",1,8,1,99,configs/phase5/runs/phase6v2-r08-downstream-medium-a01.yaml,runs/phase6-v2/phase6v2-r08-downstream-medium-a01,BASELINE,f075b3a5b23d043abc62f89cd2fd2846902b9741,PLANNED
sloscope-phase6-v2,OUTPUT_DOWNSTREAM_CONTROL,phase6v2-r08-output-downstream-control-a01,control,"[""downstream_100ms""]","{""downstream_100ms"": ""medium""}",1,8,1,100,configs/phase5/runs/phase6v2-r08-output-downstream-control-a01.yaml,runs/phase6-v2/phase6v2-r08-output-downstream-control-a01,OUTPUT_CONTROL,f075b3a5b23d043abc62f89cd2fd2846902b9741,PLANNED
sloscope-phase6-v2,LOAD_MEDIUM,phase6v2-r08-load-medium-a01,load,"[""load_12rps""]","{""load_12rps"": ""medium""}",1,8,1,101,configs/phase5/runs/phase6v2-r08-load-medium-a01.yaml,runs/phase6-v2/phase6v2-r08-load-medium-a01,BASELINE,f075b3a5b23d043abc62f89cd2fd2846902b9741,PLANNED
sloscope-phase6-v2,OUTPUT_DOWNSTREAM,phase6v2-r08-output-downstream-a01,compound,"[""output_32"", ""downstream_100ms""]","{""downstream_100ms"": ""medium"", ""output_32"": ""medium""}",2,8,1,102,configs/phase5/runs/phase6v2-r08-output-downstream-a01.yaml,runs/phase6-v2/phase6v2-r08-output-downstream-a01,OUTPUT_CONTROL,f075b3a5b23d043abc62f89cd2fd2846902b9741,PLANNED
sloscope-phase6-v2,INPUT_DOWNSTREAM,phase6v2-r08-input-downstream-a01,compound,"[""input_medium"", ""downstream_100ms""]","{""downstream_100ms"": ""medium"", ""input_medium"": ""medium""}",2,8,1,103,configs/phase5/runs/phase6v2-r08-input-downstream-a01.yaml,runs/phase6-v2/phase6v2-r08-input-downstream-a01,BASELINE,f075b3a5b23d043abc62f89cd2fd2846902b9741,PLANNED
sloscope-phase6-v2,LOAD_DOWNSTREAM,phase6v2-r08-load-downstream-a01,compound,"[""load_12rps"", ""downstream_100ms""]","{""downstream_100ms"": ""medium"", ""load_12rps"": ""medium""}",2,8,1,104,configs/phase5/runs/phase6v2-r08-load-downstream-a01.yaml,runs/phase6-v2/phase6v2-r08-load-downstream-a01,BASELINE,f075b3a5b23d043abc62f89cd2fd2846902b9741,PLANNED
