method,subset,cause,support,precision,recall,f1,false_positive_rate,false_negative_rate
M2/F2,TARGET-COMPOUND,INPUT,12,0.0,0.0,0.0,0.0,1.0
M2/F2,TARGET-COMPOUND,OUTPUT,12,0.6666666666666666,1.0,0.8,0.3333333333333333,0.0
M2/F2,TARGET-COMPOUND,LOAD,18,0.75,1.0,0.8571428571428571,0.5,0.0
M2/F2,TARGET-COMPOUND,DOWNSTREAM,18,1.0,1.0,1.0,0.0,0.0
M2/F2,TARGET-ALL,INPUT,18,0.0,0.0,0.0,0.10416666666666667,1.0
M2/F2,TARGET-ALL,OUTPUT,18,0.42857142857142855,1.0,0.6,0.5,0.0
M2/F2,TARGET-ALL,LOAD,24,0.631578947368421,1.0,0.7741935483870968,0.3333333333333333,0.0
M2/F2,TARGET-ALL,DOWNSTREAM,24,1.0,1.0,1.0,0.0,0.0
M2/F2T,TARGET-COMPOUND,INPUT,12,0.5,1.0,0.6666666666666666,0.6666666666666666,0.0
M2/F2T,TARGET-COMPOUND,OUTPUT,12,0.46153846153846156,1.0,0.631578947368421,0.7777777777777778,0.0
M2/F2T,TARGET-COMPOUND,LOAD,18,0.75,1.0,0.8571428571428571,0.5,0.0
M2/F2T,TARGET-COMPOUND,DOWNSTREAM,18,0.75,1.0,0.8571428571428571,0.5,0.0
M2/F2T,TARGET-ALL,INPUT,18,0.3829787234042553,1.0,0.5538461538461539,0.6041666666666666,0.0
M2/F2T,TARGET-ALL,OUTPUT,18,0.35294117647058826,1.0,0.5217391304347826,0.6875,0.0
M2/F2T,TARGET-ALL,LOAD,24,0.631578947368421,1.0,0.7741935483870968,0.3333333333333333,0.0
M2/F2T,TARGET-ALL,DOWNSTREAM,24,0.8,1.0,0.888888888888889,0.14285714285714285,0.0
D4-FULL,TARGET-COMPOUND,INPUT,12,0.0,0.0,0.0,0.0,1.0
D4-FULL,TARGET-COMPOUND,OUTPUT,12,0.631578947368421,1.0,0.7741935483870968,0.3888888888888889,0.0
D4-FULL,TARGET-COMPOUND,LOAD,18,0.75,1.0,0.8571428571428571,0.5,0.0
D4-FULL,TARGET-COMPOUND,DOWNSTREAM,18,1.0,0.9444444444444444,0.9714285714285714,0.0,0.05555555555555555
D4-FULL,TARGET-ALL,INPUT,18,0.0,0.0,0.0,0.020833333333333332,1.0
D4-FULL,TARGET-ALL,OUTPUT,18,0.4186046511627907,1.0,0.5901639344262295,0.5208333333333334,0.0
D4-FULL,TARGET-ALL,LOAD,24,0.5,1.0,0.6666666666666666,0.5714285714285714,0.0
D4-FULL,TARGET-ALL,DOWNSTREAM,24,1.0,0.9583333333333334,0.9787234042553191,0.0,0.041666666666666664
D4-FULL-F3,TARGET-COMPOUND,INPUT,12,0.0,0.0,0.0,0.0,1.0
D4-FULL-F3,TARGET-COMPOUND,OUTPUT,12,0.631578947368421,1.0,0.7741935483870968,0.3888888888888889,0.0
D4-FULL-F3,TARGET-COMPOUND,LOAD,18,0.75,1.0,0.8571428571428571,0.5,0.0
D4-FULL-F3,TARGET-COMPOUND,DOWNSTREAM,18,1.0,0.9444444444444444,0.9714285714285714,0.0,0.05555555555555555
D4-FULL-F3,TARGET-ALL,INPUT,18,0.0,0.0,0.0,0.0,1.0
D4-FULL-F3,TARGET-ALL,OUTPUT,18,0.4186046511627907,1.0,0.5901639344262295,0.5208333333333334,0.0
D4-FULL-F3,TARGET-ALL,LOAD,24,0.5,1.0,0.6666666666666666,0.5714285714285714,0.0
D4-FULL-F3,TARGET-ALL,DOWNSTREAM,24,1.0,0.9583333333333334,0.9787234042553191,0.0,0.041666666666666664
