feature,source_mean,source_sd,source_median,source_min,source_max,target_mean,target_sd,target_median,target_min,target_max,standardized_mean_shift,range_overlap
ttft_p95,0.8491857707232224,1.2402148144688805,0.15902443674858655,0.0484378499993908,4.178786358303114,4.683557469573541,4.598316512578861,6.121897110280769,0.05146020414103987,14.632915026451517,3.091699642769048,0.28299445391336975
total_latency_p95,1.07185233989062,1.2687657646269366,0.4825106201040398,0.1730493836497771,4.496461054149404,5.129265115971728,4.692733831977742,6.493183611450876,0.26192639550499736,15.243277235102141,3.1979210735356935,0.2809867707631449
post_first_token_duration_p95,0.2311404274371013,0.11053535271012224,0.19067765415147725,0.123674660398683,0.4679400586486734,0.4533708424358888,0.12491870704947801,0.41071750642477123,0.1998044732506969,0.6321693562465952,2.010491752639396,0.5273124529860864
ttft_median,0.4917840879085746,0.6519350282794137,0.151992677250746,0.0441706665005767,2.2540664375046617,2.528194694802523,2.429672976237939,3.2731793127532,0.04913429149746662,7.771789020996948,3.1236404220654337,0.2853313977034385
total_latency_median,0.695664463754698,0.6964278972024974,0.43360672924973187,0.1658885414981341,2.607789583500562,2.9725874473328022,2.5263590460131278,3.6493869897531113,0.2543239580045338,8.385757082993223,3.2694310390556525,0.2863142656862932
post_first_token_duration_median,0.2031555144232278,0.09756988336680308,0.1676986877500894,0.1205455835006432,0.3954547290013579,0.4442503686285901,0.12380007394163198,0.40038503099640366,0.19448814600764308,0.6220324584937771,2.4709966424679743,0.40074146107306674
scheduler_slip_p95,0.0019474863782411207,0.00040853915242196115,0.0021271903029628,0.0011169704939675,0.0022697618504025,0.00192894781656364,0.00040157216064150276,0.0021144128320884194,0.0011112395419331732,0.0021812545004650016,-0.04537768673474209,0.918656463252455
successful_requests_per_second,4.804447808508504,2.670573235489838,4.012420883817795,1.9933002479737605,10.478135096316777,2.8491053567806985,0.8556840376817332,2.268236874078122,1.9938667412873385,4.034594750493485,-0.7321808013885662,0.24051475905917905
host_cpu_median,6.07932692307692,2.2044373891683238,6.6,0.0,9.6,4.301515151515152,1.5355522608888132,4.85,0.0,6.9,-0.8064696145588829,0.7187500000000001
host_cpu_p95,11.681105769230767,2.017601185096378,11.079999999999998,9.5,24.379999999999978,13.420833333333325,2.498733615151317,12.8875,9.479999999999999,21.019999999999992,0.862275248921136,0.7731543624161079
dependency_duration_median,0.0403692095389068,0.04990984629099548,0.00128953150124285,0.0008221044990932,0.1038549164986761,0.037909174847851376,0.04939248355555706,0.0009159792462014593,0.0007483749941457063,0.10315199999604374,-0.0492895665659313,0.9924675389529409
dependency_duration_p95,0.04081543600121637,0.04991440661735743,0.00171445658033915,0.0011951500047871,0.1042790812498424,0.038275389545654466,0.04943612183205336,0.0012888062519778032,0.0009966690959117839,0.10358110240413226,-0.050888042705462495,0.9913203057917608
gateway_span_duration_median,0.692820827682471,0.6913308021023026,0.43235369774811255,0.1645675414983998,2.543861645997822,2.7068705514470683,2.1628720929246055,3.4672061460005352,0.2533011670020642,6.622481896003592,2.913293777219202,0.35469043924340826
gateway_span_duration_p95,0.8696965181619714,0.8211581327475488,0.4813364309495227,0.1716857097981119,2.8968617809492567,3.036443247895583,2.5099346420193798,3.4921379876457648,0.26117393714812354,6.699463941645082,2.638647348573166,0.4037649181987287
dependency_span_duration_median,0.0403692095389068,0.04990984629099548,0.00128953150124285,0.0008221044990932,0.1038549164986761,0.037909174847851376,0.04939248355555706,0.0009159792462014593,0.0007483749941457063,0.10315199999604374,-0.0492895665659313,0.9924675389529409
dependency_span_duration_p95,0.04081543600121637,0.04991440661735743,0.00171445658033915,0.0011951500047871,0.1042790812498424,0.038275389545654466,0.04943612183205336,0.0012888062519778032,0.0009966690959117839,0.10358110240413226,-0.050888042705462495,0.9913203057917608
llama_span_duration_median,0.6524068635766386,0.7062807038339326,0.41523572924961627,0.1629866249968472,2.5427728754984855,2.668994476340837,2.169548428776335,3.438466958254139,0.25234164600260556,6.621377562500129,2.8552211632251496,0.35464425298189317
llama_span_duration_p95,0.8293079140601581,0.8358042853137004,0.4618953460018019,0.1701804430984339,2.895774873251139,2.9984500157541323,2.5141949434252338,3.46506241159841,0.2601102187516517,6.698369958346302,2.5952751616723706,0.4037359283677925
dependency_fraction_of_gateway_median,0.10772497912648366,0.14738396122195646,0.00698515926487535,0.0003928371974921,0.3851459389755163,0.037103762526811086,0.06619307807693715,0.0021246598336144558,0.00015357355539233583,0.18618438382584535,-0.4791648698688376,0.4825850154862362
llama_fraction_of_gateway_median,0.8921502913736057,0.14738072060491877,0.9927240766510999,0.6146865510610151,0.999592521659423,0.9628592417196954,0.06619552726371651,0.9977939009790819,0.8137596492909662,0.9998396906360943,0.47977069223075725,0.4824908673300111
ttft_early_median,0.18018513640855907,0.1360630684602887,0.14874623974901624,0.04221845800202573,0.5660298750008224,0.6867097696063645,0.5781211961016348,0.7969055104986182,0.04894247899937909,1.9304294164976454,3.7227194633321057,0.2738504369307434
ttft_late_median,0.800821300307444,1.1688467587520044,0.1517070727495593,0.04282910399706452,3.9675244585014298,4.39906614393928,4.310640652272714,5.758180739496311,0.048915187508100644,13.694504749997577,3.0784573056212587,0.2870423655385741
ttft_late_minus_early,0.620636163898885,1.043358032957948,0.0007153229998948518,-0.0040029170049820095,3.471663021002314,3.712356374332916,3.7404675740618556,4.957278687747021,-0.004889687501417939,11.764075333499932,2.9632399548110264,0.2953246892827941
ttft_normalized_slope,0.8027601371985091,1.3503124569768878,0.0007696721439681263,-0.006361299728504175,4.498097656511668,4.816839382648065,4.855923973673807,6.432326235238803,-0.009847848926668719,15.273407499408883,2.9727040024768594,0.2947316428061079
total_latency_early_median,0.38141186400011623,0.1886093099412151,0.32101936475010007,0.16553652050060919,0.9012050204983098,1.1278215091514348,0.678013296264236,1.169902770754561,0.25514966700575314,2.5333367494968115,3.957437972621585,0.2728504480998565
total_latency_late_median,1.0037965184180324,1.2092404034933522,0.43205459374985367,0.1655924579972634,4.302562729000783,4.8449132486965745,4.408577559863957,6.138472479247866,0.25415160400007153,14.31202758350264,3.1764707159817114,0.28617889164893645
total_latency_late_minus_early,0.6223846544179161,1.0431729084210681,0.006148114251118386,-0.021118207998370053,3.4684704994979256,3.7170917395451397,3.7431394303084606,4.958898843749921,-0.011591041991778184,11.778690834005829,2.9666290795562635,0.2949252423578725
total_latency_normalized_slope,0.8041584960906192,1.3462866230699597,0.012895953058876017,-0.03778951802683535,4.485927652693125,4.807777657365631,4.848227047153383,6.420402845485216,-0.02295352116554746,15.25207360259918,2.9738237702648282,0.29489349500952655
post_first_token_duration_early_median,0.20093806129845967,0.09522124308839998,0.1667041042492201,0.11807547950229491,0.3959804999976768,0.43978045051467646,0.12200772465850698,0.39858455225112266,0.19448977150022984,0.6134089580009459,2.508288922404469,0.4067779329355299
post_first_token_duration_late_median,0.2029000083943734,0.09752084100355554,0.16749063525276142,0.11995591649974813,0.40481739550159546,0.44605550003005634,0.12491825847727783,0.40071490624541184,0.19422002100327518,0.628022916498594,2.493369510900933,0.41450709158201315
post_first_token_duration_late_minus_early,0.001961947095913694,0.011693918403223261,0.001035635750668007,-0.031051041994942352,0.05237279200082412,0.006275049515379854,0.006060099410445735,0.004997344007279025,-0.004235187501762994,0.02082983399304794,0.36883294980725323,0.3004539625460383
post_first_token_duration_normalized_slope,0.0013983588921098965,0.01479443422301496,0.00012971912595424796,-0.05162726575797997,0.055760800050164684,-0.009061725282432546,0.01215446222343182,-0.0047330596864989406,-0.03454980654022642,0.013519858956129704,-0.707028333551966,0.4476257686048236
prefill_proxy_early_median,0.13850200278340288,0.14414975810786781,0.09106121900003927,0.039189458002510946,0.5635642499983078,0.647759434356527,0.5842695950450589,0.7921541877512936,0.046509228996001184,1.9280111664993456,3.532835838628636,0.273744747149158
prefill_proxy_late_median,0.5816910832980005,0.790225520205609,0.09367473949714622,0.03997331249775016,2.458857874997193,2.5439362856675207,2.412137331731636,3.0775909684998624,0.04656629200326279,6.075923625008727,2.4831458263445643,0.39965398290205745
prefill_proxy_late_minus_early,0.44318908051459754,0.6516147820256615,0.0010597710006550187,-0.003837457999907201,1.9700328954968427,1.8961768513109938,1.8674918813277401,2.275124010247964,-0.003999208485765848,4.808475187499425,2.229826288285731,0.4101570608133421
prefill_proxy_normalized_slope,0.5809334856275149,0.8595233427304886,0.0008809688839613663,-0.006578664181302566,2.6041557267112845,2.4437434241076446,2.428099524245173,2.9140905755146376,-0.009289881745129739,6.385501195766795,2.1672592771738493,0.40825952861439957
dependency_duration_early_median,0.040368645418486546,0.04987823728757369,0.0012908127482660348,0.0008034585007408168,0.10390518699932727,0.03787263826509871,0.04937030800840782,0.0009080627460207324,0.0006994374925852753,0.10320243799651507,-0.050042008080539685,0.9921828966426426
dependency_duration_late_median,0.04036320415882354,0.049896697076879847,0.001308552249611239,0.0007765834998281207,0.1039541249992908,0.03794181948526812,0.04937083329486434,0.0009731565005495213,0.0007226454908959568,0.1032487919947016,-0.048527955063330075,0.9926449662725253
dependency_duration_late_minus_early,-5.441259663012505e-06,0.00016019997151126968,-5.260251782601699e-06,-0.0004919999992125668,0.0005480629952216987,6.918122016941197e-05,0.0002387159391538571,5.645825149258599e-05,-0.0010531669977353886,0.0010789379957714118,0.46580832149008816,0.4878104022089511
dependency_duration_normalized_slope,-2.6586359857270795e-05,0.0002238217431267232,-3.0071955982935192e-05,-0.0006011667001653146,0.0007245840477967526,6.224098571466733e-05,0.00026712685817385974,1.6993041998187136e-05,-0.0006614504110851755,0.000797171180140761,0.39686647209089926,0.9089065703790971
scheduler_slip_early_median,0.001754372572297423,0.0004560762295602899,0.0020418852491275175,0.0005001250028726645,0.0021839379987795837,0.001775567233849098,0.00045974677280436507,0.002066478999040555,0.000596729492826853,0.0021267920019454323,0.046471752259724844,0.9086890960207085
scheduler_slip_late_median,0.0017003884184025363,0.0004693707723888795,0.001904500248201657,0.0004584995003824588,0.002165958001569379,0.0018225710531017587,0.0004473385392708217,0.002074270752927987,0.000586145994020626,0.002139062504284084,0.2603115530124926,0.9094900456930377
scheduler_slip_late_minus_early,-5.398415389488666e-05,0.0004263630811158184,-1.3854249118594453e-05,-0.0013961459990241565,0.001571854496432934,4.700381925266067e-05,0.0003746083853646228,4.521003575064242e-06,-0.0014812915105721913,0.0014714999997522682,0.23685909409242376,0.9392429946674381
scheduler_slip_normalized_slope,-4.6735942958218276e-05,0.0003070693903875117,-6.118646914972797e-05,-0.0009263593401467408,0.0010325414924963975,2.4716352696313437e-05,0.00032686172453230396,1.9595576003023498e-05,-0.0007173281435914358,0.001144912865785911,0.2326910395215922,0.8448284252913549
gateway_span_duration_late_minus_early,0.4449584168843593,0.6514690196458764,0.005888469249839545,-0.02082214549955097,1.9664616044938157,1.8999005312642,1.8692846922435595,2.2814107392478036,-0.01126547950116219,4.821527228996274,2.2333251014310918,0.4084230465508067
gateway_span_duration_normalized_slope,0.5823095567106026,0.8553544649344292,0.013040544857477961,-0.037787061214671396,2.59179158161284,2.4347509119839144,2.418815199104605,2.906237814213508,-0.02294342398654851,6.369038446744775,2.1657002227904645,0.4081170936138346
llama_span_duration_late_minus_early,0.44500442329298007,0.6514454625403526,0.005362656251236331,-0.019707521500095027,1.9666960004942666,1.899865053945894,1.8692261243516537,2.281294979249651,-0.01070093699672725,4.82157704099518,2.2332807799130157,0.4084446828037334
llama_span_duration_normalized_slope,0.5823380147285776,0.855394511262806,0.01283417576421741,-0.037863577789584144,2.591939422647156,2.434685079290914,2.41870597573184,2.9060287410097176,-0.02239026371100364,6.368940227595584,2.1654886022447637,0.40805521220436214
dependency_span_duration_late_minus_early,-5.441259663012505e-06,0.00016019997151126968,-5.260251782601699e-06,-0.0004919999992125668,0.0005480629952216987,6.918122016941197e-05,0.0002387159391538571,5.645825149258599e-05,-0.0010531669977353886,0.0010789379957714118,0.46580832149008816,0.4878104022089511
dependency_span_duration_normalized_slope,-2.6586359857270795e-05,0.0002238217431267232,-3.0071955982935192e-05,-0.0006011667001653146,0.0007245840477967526,6.224098571466733e-05,0.00026712685817385974,1.6993041998187136e-05,-0.0006614504110851755,0.000797171180140761,0.39686647209089926,0.9089065703790971
