run_id,condition_id,repetition,compound_degree
phase6v2-r01-input-medium-a01,INPUT_MEDIUM,1,1
phase6v2-r01-output-medium-a01,OUTPUT_MEDIUM,1,1
phase6v2-r01-output-downstream-control-a01,OUTPUT_DOWNSTREAM_CONTROL,1,1
phase6v2-r01-downstream-medium-a01,DOWNSTREAM_MEDIUM,1,1
phase6v2-r01-output-load-control-a01,OUTPUT_LOAD_CONTROL,1,1
phase6v2-r01-output-control-a01,OUTPUT_CONTROL,1,0
phase6v2-r01-baseline-a01,BASELINE,1,0
phase6v2-r01-load-medium-a01,LOAD_MEDIUM,1,1
phase6v2-r02-output-control-a01,OUTPUT_CONTROL,2,0
phase6v2-r02-baseline-a01,BASELINE,2,0
phase6v2-r02-output-medium-a01,OUTPUT_MEDIUM,2,1
phase6v2-r02-input-medium-a01,INPUT_MEDIUM,2,1
phase6v2-r02-output-downstream-control-a01,OUTPUT_DOWNSTREAM_CONTROL,2,1
phase6v2-r02-load-medium-a01,LOAD_MEDIUM,2,1
phase6v2-r02-downstream-medium-a01,DOWNSTREAM_MEDIUM,2,1
phase6v2-r02-output-load-control-a01,OUTPUT_LOAD_CONTROL,2,1
phase6v2-r03-input-medium-a01,INPUT_MEDIUM,3,1
phase6v2-r03-baseline-a01,BASELINE,3,0
phase6v2-r03-downstream-medium-a01,DOWNSTREAM_MEDIUM,3,1
phase6v2-r03-output-load-control-a01,OUTPUT_LOAD_CONTROL,3,1
phase6v2-r03-output-medium-a01,OUTPUT_MEDIUM,3,1
phase6v2-r03-output-downstream-control-a01,OUTPUT_DOWNSTREAM_CONTROL,3,1
phase6v2-r03-output-control-a01,OUTPUT_CONTROL,3,0
phase6v2-r03-load-medium-a01,LOAD_MEDIUM,3,1
phase6v2-r04-downstream-medium-a01,DOWNSTREAM_MEDIUM,4,1
phase6v2-r04-output-control-a01,OUTPUT_CONTROL,4,0
phase6v2-r04-output-load-control-a01,OUTPUT_LOAD_CONTROL,4,1
phase6v2-r04-output-downstream-control-a01,OUTPUT_DOWNSTREAM_CONTROL,4,1
phase6v2-r04-baseline-a01,BASELINE,4,0
phase6v2-r04-input-medium-a01,INPUT_MEDIUM,4,1
phase6v2-r04-load-medium-a01,LOAD_MEDIUM,4,1
phase6v2-r04-output-medium-a01,OUTPUT_MEDIUM,4,1
phase6v2-r05-output-downstream-control-a01,OUTPUT_DOWNSTREAM_CONTROL,5,1
phase6v2-r05-output-load-control-a01,OUTPUT_LOAD_CONTROL,5,1
phase6v2-r05-input-medium-a01,INPUT_MEDIUM,5,1
phase6v2-r05-output-control-a01,OUTPUT_CONTROL,5,0
phase6v2-r05-baseline-a01,BASELINE,5,0
phase6v2-r05-downstream-medium-a01,DOWNSTREAM_MEDIUM,5,1
phase6v2-r05-load-medium-a01,LOAD_MEDIUM,5,1
phase6v2-r05-output-medium-a01,OUTPUT_MEDIUM,5,1
phase6v2-r06-baseline-a01,BASELINE,6,0
phase6v2-r06-output-downstream-control-a01,OUTPUT_DOWNSTREAM_CONTROL,6,1
phase6v2-r06-input-medium-a01,INPUT_MEDIUM,6,1
phase6v2-r06-output-load-control-a01,OUTPUT_LOAD_CONTROL,6,1
phase6v2-r06-downstream-medium-a01,DOWNSTREAM_MEDIUM,6,1
phase6v2-r06-load-medium-a01,LOAD_MEDIUM,6,1
phase6v2-r06-output-medium-a01,OUTPUT_MEDIUM,6,1
phase6v2-r06-output-control-a01,OUTPUT_CONTROL,6,0
phase6v2-r07-baseline-a01,BASELINE,7,0
phase6v2-r07-output-downstream-control-a01,OUTPUT_DOWNSTREAM_CONTROL,7,1
phase6v2-r07-output-load-control-a01,OUTPUT_LOAD_CONTROL,7,1
phase6v2-r07-downstream-medium-a01,DOWNSTREAM_MEDIUM,7,1
phase6v2-r07-output-control-a01,OUTPUT_CONTROL,7,0
phase6v2-r07-output-medium-a01,OUTPUT_MEDIUM,7,1
phase6v2-r07-load-medium-a01,LOAD_MEDIUM,7,1
phase6v2-r07-input-medium-a01,INPUT_MEDIUM,7,1
phase6v2-r08-output-load-control-a01,OUTPUT_LOAD_CONTROL,8,1
phase6v2-r08-input-medium-a01,INPUT_MEDIUM,8,1
phase6v2-r08-output-medium-a01,OUTPUT_MEDIUM,8,1
phase6v2-r08-output-control-a01,OUTPUT_CONTROL,8,0
phase6v2-r08-baseline-a01,BASELINE,8,0
phase6v2-r08-downstream-medium-a01,DOWNSTREAM_MEDIUM,8,1
phase6v2-r08-output-downstream-control-a01,OUTPUT_DOWNSTREAM_CONTROL,8,1
phase6v2-r08-load-medium-a01,LOAD_MEDIUM,8,1
