domain,method,run_id,condition_id,repetition,truth_set,predicted_set,true_degree,predicted_count,true_INPUT,pred_INPUT,true_OUTPUT,pred_OUTPUT,true_LOAD,pred_LOAD,true_DOWNSTREAM,pred_DOWNSTREAM,diagnosis_set_margin,input_score,output_score,load_score,downstream_score,error_types
target,D4-FULL,phase7d-qwen15b-r01-input-load-a01,INPUT_LOAD,1,INPUT+LOAD,OUTPUT+LOAD,2,2,1,0,0,1,1,1,0,0,3.29797888715827,-12.189984715356566,1.6489894435791355,7.4663541215283065,-5.250456629201233,MISS_INPUT;EXTRA_CAUSE
target,D4-FULL,phase7d-qwen15b-r01-input-downstream-a01,INPUT_DOWNSTREAM,1,INPUT+DOWNSTREAM,LOAD+DOWNSTREAM,2,2,1,0,0,0,0,1,1,1,1.3500528485599403,-12.18756177297376,1.7353576342183792,6.772283852055951,2.41038405849835,MISS_INPUT;EXTRA_CAUSE
target,D4-FULL,phase7d-qwen15b-r02-input-load-a01,INPUT_LOAD,2,INPUT+LOAD,OUTPUT+LOAD,2,2,1,0,0,1,1,1,0,0,3.93496566227687,-12.200224881072918,1.9674828311384354,7.426587906461551,-4.98220073868771,MISS_INPUT;EXTRA_CAUSE
target,D4-FULL,phase7d-qwen15b-r02-input-downstream-a01,INPUT_DOWNSTREAM,2,INPUT+DOWNSTREAM,LOAD+DOWNSTREAM,2,2,1,0,0,0,0,1,1,1,1.2087407844071265,-12.155214031888995,2.3088091106804947,8.139620622275483,2.9131795028840575,MISS_INPUT;EXTRA_CAUSE
target,D4-FULL,phase7d-qwen15b-r03-input-downstream-a01,INPUT_DOWNSTREAM,3,INPUT+DOWNSTREAM,LOAD+DOWNSTREAM,2,2,1,0,0,0,0,1,1,1,1.7461931930420223,-12.143996040494704,1.9853745178612692,5.771503447907353,2.8584711143822803,MISS_INPUT;EXTRA_CAUSE
target,D4-FULL,phase7d-qwen15b-r03-input-load-a01,INPUT_LOAD,3,INPUT+LOAD,OUTPUT+LOAD,2,2,1,0,0,1,1,1,0,0,3.620110118653656,-12.176424563075535,1.8100550593268285,7.578110071273889,-5.1097714256282005,MISS_INPUT;EXTRA_CAUSE
target,D4-FULL,phase7d-qwen15b-r04-input-downstream-a01,INPUT_DOWNSTREAM,4,INPUT+DOWNSTREAM,LOAD+DOWNSTREAM,2,2,1,0,0,0,0,1,1,1,3.7554432806265305,-12.176708261730361,1.883929956352182,6.602445389163021,3.7616515966654474,MISS_INPUT;EXTRA_CAUSE
target,D4-FULL,phase7d-qwen15b-r04-input-load-a01,INPUT_LOAD,4,INPUT+LOAD,OUTPUT+LOAD,2,2,1,0,0,1,1,1,0,0,4.424477924121,-12.098008671634526,2.2122389620605003,7.815470578421284,-4.929909466275154,MISS_INPUT;EXTRA_CAUSE
target,D4-FULL,phase7d-qwen15b-r05-input-load-a01,INPUT_LOAD,5,INPUT+LOAD,OUTPUT+LOAD,2,2,1,0,0,1,1,1,0,0,2.8996193447612955,-12.187908866765653,2.3492930139807116,1.4498096723806477,-4.5366654470355,MISS_INPUT;EXTRA_CAUSE
target,D4-FULL,phase7d-qwen15b-r05-input-downstream-a01,INPUT_DOWNSTREAM,5,INPUT+DOWNSTREAM,LOAD+DOWNSTREAM,2,2,1,0,0,0,0,1,1,1,0.36732769759436934,-12.145205618567028,2.1824231668533174,4.032810293902648,2.3660870156505016,MISS_INPUT;EXTRA_CAUSE
target,D4-FULL,phase7d-qwen15b-r06-input-load-a01,INPUT_LOAD,6,INPUT+LOAD,OUTPUT+LOAD,2,2,1,0,0,1,1,1,0,0,4.446955966403262,-12.170478941860646,2.2234779832016316,6.304847893187395,-5.046191315339856,MISS_INPUT;EXTRA_CAUSE
target,D4-FULL,phase7d-qwen15b-r06-input-downstream-a01,INPUT_DOWNSTREAM,6,INPUT+DOWNSTREAM,OUTPUT+LOAD,2,2,1,0,0,1,0,1,1,0,0.07306173251475201,-12.14652024224754,2.0611196950526076,7.3704412643582735,2.024588828795231,MISS_DOWNSTREAM;MISS_INPUT;MISS_BOTH;EXTRA_CAUSE
target,D4-FULL-F3,phase7d-qwen15b-r01-input-load-a01,INPUT_LOAD,1,INPUT+LOAD,OUTPUT+LOAD,2,2,1,0,0,1,1,1,0,0,3.29797888715827,-11.98481535728074,1.6489894435791355,7.4663541215283065,-5.250456629201233,MISS_INPUT;EXTRA_CAUSE
target,D4-FULL-F3,phase7d-qwen15b-r01-input-downstream-a01,INPUT_DOWNSTREAM,1,INPUT+DOWNSTREAM,LOAD+DOWNSTREAM,2,2,1,0,0,0,0,1,1,1,1.3500528485599403,-11.982392414897935,1.7353576342183792,6.772283852055951,2.41038405849835,MISS_INPUT;EXTRA_CAUSE
target,D4-FULL-F3,phase7d-qwen15b-r02-input-load-a01,INPUT_LOAD,2,INPUT+LOAD,OUTPUT+LOAD,2,2,1,0,0,1,1,1,0,0,3.93496566227687,-11.995055522997093,1.9674828311384354,7.426587906461551,-4.98220073868771,MISS_INPUT;EXTRA_CAUSE
target,D4-FULL-F3,phase7d-qwen15b-r02-input-downstream-a01,INPUT_DOWNSTREAM,2,INPUT+DOWNSTREAM,LOAD+DOWNSTREAM,2,2,1,0,0,0,0,1,1,1,1.2087407844071265,-11.950044673813169,2.3088091106804947,8.139620622275483,2.9131795028840575,MISS_INPUT;EXTRA_CAUSE
target,D4-FULL-F3,phase7d-qwen15b-r03-input-downstream-a01,INPUT_DOWNSTREAM,3,INPUT+DOWNSTREAM,LOAD+DOWNSTREAM,2,2,1,0,0,0,0,1,1,1,1.7461931930420223,-11.938826682418878,1.9853745178612692,5.771503447907353,2.8584711143822803,MISS_INPUT;EXTRA_CAUSE
target,D4-FULL-F3,phase7d-qwen15b-r03-input-load-a01,INPUT_LOAD,3,INPUT+LOAD,OUTPUT+LOAD,2,2,1,0,0,1,1,1,0,0,3.620110118653656,-11.971255204999709,1.8100550593268285,7.578110071273889,-5.1097714256282005,MISS_INPUT;EXTRA_CAUSE
target,D4-FULL-F3,phase7d-qwen15b-r04-input-downstream-a01,INPUT_DOWNSTREAM,4,INPUT+DOWNSTREAM,LOAD+DOWNSTREAM,2,2,1,0,0,0,0,1,1,1,3.7554432806265305,-11.971538903654535,1.883929956352182,6.602445389163021,3.7616515966654474,MISS_INPUT;EXTRA_CAUSE
target,D4-FULL-F3,phase7d-qwen15b-r04-input-load-a01,INPUT_LOAD,4,INPUT+LOAD,OUTPUT+LOAD,2,2,1,0,0,1,1,1,0,0,4.424477924121,-11.892839313558701,2.2122389620605003,7.815470578421284,-4.929909466275154,MISS_INPUT;EXTRA_CAUSE
target,D4-FULL-F3,phase7d-qwen15b-r05-input-load-a01,INPUT_LOAD,5,INPUT+LOAD,OUTPUT+LOAD,2,2,1,0,0,1,1,1,0,0,2.8996193447612955,-11.982739508689827,2.3492930139807116,1.4498096723806477,-4.5366654470355,MISS_INPUT;EXTRA_CAUSE
target,D4-FULL-F3,phase7d-qwen15b-r05-input-downstream-a01,INPUT_DOWNSTREAM,5,INPUT+DOWNSTREAM,LOAD+DOWNSTREAM,2,2,1,0,0,0,0,1,1,1,0.36732769759436934,-11.940036260491203,2.1824231668533174,4.032810293902648,2.3660870156505016,MISS_INPUT;EXTRA_CAUSE
target,D4-FULL-F3,phase7d-qwen15b-r06-input-load-a01,INPUT_LOAD,6,INPUT+LOAD,OUTPUT+LOAD,2,2,1,0,0,1,1,1,0,0,4.446955966403262,-11.965309583784821,2.2234779832016316,6.304847893187395,-5.046191315339856,MISS_INPUT;EXTRA_CAUSE
target,D4-FULL-F3,phase7d-qwen15b-r06-input-downstream-a01,INPUT_DOWNSTREAM,6,INPUT+DOWNSTREAM,OUTPUT+LOAD,2,2,1,0,0,1,0,1,1,0,0.07306173251475201,-11.941350884171714,2.0611196950526076,7.3704412643582735,2.024588828795231,MISS_DOWNSTREAM;MISS_INPUT;MISS_BOTH;EXTRA_CAUSE
target,M2/F2,phase7d-qwen15b-r01-input-load-a01,INPUT_LOAD,1,INPUT+LOAD,LOAD,2,1,1,0,0,0,1,1,0,0,,1.2950224912491019e-14,0.1325608414489277,1.0,0.0074683016003069605,MISS_INPUT;SINGLE_ONLY_PREDICTION
target,M2/F2,phase7d-qwen15b-r01-input-downstream-a01,INPUT_DOWNSTREAM,1,INPUT+DOWNSTREAM,OUTPUT+LOAD+DOWNSTREAM,2,3,1,0,0,1,0,1,1,1,,2.0269918997588112e-14,0.9761348547196321,1.0,0.6316778981073544,MISS_INPUT;EXTRA_CAUSE
target,M2/F2,phase7d-qwen15b-r02-input-load-a01,INPUT_LOAD,2,INPUT+LOAD,LOAD,2,1,1,0,0,0,1,1,0,0,,4.9385175307271366e-15,0.1384511397006184,1.0,0.007317958398124528,MISS_INPUT;SINGLE_ONLY_PREDICTION
target,M2/F2,phase7d-qwen15b-r02-input-downstream-a01,INPUT_DOWNSTREAM,2,INPUT+DOWNSTREAM,OUTPUT+LOAD+DOWNSTREAM,2,3,1,0,0,1,0,1,1,1,,2.8763280005477297e-15,0.9767500963856139,1.0,0.6464501392907269,MISS_INPUT;EXTRA_CAUSE
target,M2/F2,phase7d-qwen15b-r03-input-downstream-a01,INPUT_DOWNSTREAM,3,INPUT+DOWNSTREAM,OUTPUT+LOAD+DOWNSTREAM,2,3,1,0,0,1,0,1,1,1,,1.2590739241789286e-14,0.9718393467933903,1.0,0.6476283519605751,MISS_INPUT;EXTRA_CAUSE
target,M2/F2,phase7d-qwen15b-r03-input-load-a01,INPUT_LOAD,3,INPUT+LOAD,LOAD,2,1,1,0,0,0,1,1,0,0,,2.0756280863740522e-15,0.13318879353232682,1.0,0.008507021586283714,MISS_INPUT;SINGLE_ONLY_PREDICTION
target,M2/F2,phase7d-qwen15b-r04-input-downstream-a01,INPUT_DOWNSTREAM,4,INPUT+DOWNSTREAM,OUTPUT+LOAD+DOWNSTREAM,2,3,1,0,0,1,0,1,1,1,,2.923021795109949e-15,0.9680339794472381,1.0,0.5902335218515011,MISS_INPUT;EXTRA_CAUSE
target,M2/F2,phase7d-qwen15b-r04-input-load-a01,INPUT_LOAD,4,INPUT+LOAD,LOAD,2,1,1,0,0,0,1,1,0,0,,2.519107795851421e-15,0.14456338646475994,1.0,0.00875938725900429,MISS_INPUT;SINGLE_ONLY_PREDICTION
target,M2/F2,phase7d-qwen15b-r05-input-load-a01,INPUT_LOAD,5,INPUT+LOAD,LOAD,2,1,1,0,0,0,1,1,0,0,,2.928401566476861e-16,0.14056127879904992,1.0,0.007464903909057485,MISS_INPUT;SINGLE_ONLY_PREDICTION
target,M2/F2,phase7d-qwen15b-r05-input-downstream-a01,INPUT_DOWNSTREAM,5,INPUT+DOWNSTREAM,OUTPUT+LOAD+DOWNSTREAM,2,3,1,0,0,1,0,1,1,1,,1.2503017614032818e-14,0.974875969312336,1.0,0.6685563753663732,MISS_INPUT;EXTRA_CAUSE
target,M2/F2,phase7d-qwen15b-r06-input-load-a01,INPUT_LOAD,6,INPUT+LOAD,LOAD,2,1,1,0,0,0,1,1,0,0,,1.571814205955414e-16,0.14784448432389888,1.0,0.0073547499150172085,MISS_INPUT;SINGLE_ONLY_PREDICTION
target,M2/F2,phase7d-qwen15b-r06-input-downstream-a01,INPUT_DOWNSTREAM,6,INPUT+DOWNSTREAM,OUTPUT+LOAD+DOWNSTREAM,2,3,1,0,0,1,0,1,1,1,,9.502935113366392e-15,0.9746521938106771,1.0,0.6621884785988965,MISS_INPUT;EXTRA_CAUSE
target,M2/F2T,phase7d-qwen15b-r01-input-load-a01,INPUT_LOAD,1,INPUT+LOAD,INPUT+LOAD+DOWNSTREAM,2,3,1,1,0,0,1,1,0,1,,0.9999999999812166,0.1281334735402266,1.0,0.6817494526463888,EXTRA_CAUSE
target,M2/F2T,phase7d-qwen15b-r01-input-downstream-a01,INPUT_DOWNSTREAM,1,INPUT+DOWNSTREAM,OUTPUT+LOAD+DOWNSTREAM,2,3,1,0,0,1,0,1,1,1,,0.017941660487527294,0.6892731852478968,1.0,0.9864714371447448,MISS_INPUT;EXTRA_CAUSE
target,M2/F2T,phase7d-qwen15b-r01-load-downstream-a01,LOAD_DOWNSTREAM,1,LOAD+DOWNSTREAM,INPUT+LOAD+DOWNSTREAM,2,3,0,1,0,0,1,1,1,1,,0.8889364584812746,0.11847333066683657,1.0,0.9954630621514367,EXTRA_CAUSE
target,M2/F2T,phase7d-qwen15b-r02-input-load-a01,INPUT_LOAD,2,INPUT+LOAD,INPUT+LOAD+DOWNSTREAM,2,3,1,1,0,0,1,1,0,1,,0.9999999999352263,0.1445578961806341,1.0,0.6813213823365137,EXTRA_CAUSE
target,M2/F2T,phase7d-qwen15b-r02-input-downstream-a01,INPUT_DOWNSTREAM,2,INPUT+DOWNSTREAM,OUTPUT+LOAD+DOWNSTREAM,2,3,1,0,0,1,0,1,1,1,,0.030335522266506376,0.7853316456847553,1.0,0.987477593513589,MISS_INPUT;EXTRA_CAUSE
target,M2/F2T,phase7d-qwen15b-r02-load-downstream-a01,LOAD_DOWNSTREAM,2,LOAD+DOWNSTREAM,INPUT+LOAD+DOWNSTREAM,2,3,0,1,0,0,1,1,1,1,,0.5314903891194076,0.18795833128427808,1.0,0.9963710342502892,EXTRA_CAUSE
target,M2/F2T,phase7d-qwen15b-r03-input-downstream-a01,INPUT_DOWNSTREAM,3,INPUT+DOWNSTREAM,OUTPUT+LOAD+DOWNSTREAM,2,3,1,0,0,1,0,1,1,1,,0.3567040594765253,0.738188328268715,1.0,0.9916191522122638,MISS_INPUT;EXTRA_CAUSE
target,M2/F2T,phase7d-qwen15b-r03-load-downstream-a01,LOAD_DOWNSTREAM,3,LOAD+DOWNSTREAM,INPUT+LOAD+DOWNSTREAM,2,3,0,1,0,0,1,1,1,1,,0.7294945699221659,0.13120391789332592,1.0,0.9941179949070464,EXTRA_CAUSE
target,M2/F2T,phase7d-qwen15b-r03-input-load-a01,INPUT_LOAD,3,INPUT+LOAD,INPUT+LOAD+DOWNSTREAM,2,3,1,1,0,0,1,1,0,1,,0.9999999999897251,0.14530701806214555,1.0,0.720381645530572,EXTRA_CAUSE
target,M2/F2T,phase7d-qwen15b-r04-load-downstream-a01,LOAD_DOWNSTREAM,4,LOAD+DOWNSTREAM,INPUT+LOAD+DOWNSTREAM,2,3,0,1,0,0,1,1,1,1,,0.8380735315200162,0.1317071353772042,1.0,0.9959213561979688,EXTRA_CAUSE
target,M2/F2T,phase7d-qwen15b-r04-input-downstream-a01,INPUT_DOWNSTREAM,4,INPUT+DOWNSTREAM,OUTPUT+LOAD+DOWNSTREAM,2,3,1,0,0,1,0,1,1,1,,0.02710685241901345,0.7253148351729709,1.0,0.9898411558551014,MISS_INPUT;EXTRA_CAUSE
target,M2/F2T,phase7d-qwen15b-r04-input-load-a01,INPUT_LOAD,4,INPUT+LOAD,INPUT+LOAD+DOWNSTREAM,2,3,1,1,0,0,1,1,0,1,,0.9999999999935281,0.18208245121928088,1.0,0.7202931025329776,EXTRA_CAUSE
target,M2/F2T,phase7d-qwen15b-r05-input-load-a01,INPUT_LOAD,5,INPUT+LOAD,INPUT+LOAD+DOWNSTREAM,2,3,1,1,0,0,1,1,0,1,,0.9999999995267834,0.17884337468555697,1.0,0.7921739697635232,EXTRA_CAUSE
target,M2/F2T,phase7d-qwen15b-r05-load-downstream-a01,LOAD_DOWNSTREAM,5,LOAD+DOWNSTREAM,INPUT+LOAD+DOWNSTREAM,2,3,0,1,0,0,1,1,1,1,,0.6750263616309456,0.15730975925575708,1.0,0.9955216989660713,EXTRA_CAUSE
target,M2/F2T,phase7d-qwen15b-r05-input-downstream-a01,INPUT_DOWNSTREAM,5,INPUT+DOWNSTREAM,OUTPUT+LOAD+DOWNSTREAM,2,3,1,0,0,1,0,1,1,1,,0.043915403744795335,0.7461406876036913,1.0,0.9906637508911917,MISS_INPUT;EXTRA_CAUSE
target,M2/F2T,phase7d-qwen15b-r06-input-load-a01,INPUT_LOAD,6,INPUT+LOAD,INPUT+LOAD+DOWNSTREAM,2,3,1,1,0,0,1,1,0,1,,0.9999999999274038,0.1973532908597908,1.0,0.7364839667928803,EXTRA_CAUSE
target,M2/F2T,phase7d-qwen15b-r06-load-downstream-a01,LOAD_DOWNSTREAM,6,LOAD+DOWNSTREAM,INPUT+LOAD+DOWNSTREAM,2,3,0,1,0,0,1,1,1,1,,0.6952136014372612,0.19631709829783933,1.0,0.9962732216585898,EXTRA_CAUSE
target,M2/F2T,phase7d-qwen15b-r06-input-downstream-a01,INPUT_DOWNSTREAM,6,INPUT+DOWNSTREAM,OUTPUT+LOAD+DOWNSTREAM,2,3,1,0,0,1,0,1,1,1,,0.0011150756657245752,0.7344702376023029,1.0,0.9812330325116456,MISS_INPUT;EXTRA_CAUSE
