cause,outcome,n,mean_S_norm,mean_M_norm,mean_T_norm,mean_X_norm,mean_margin
DOWNSTREAM,false_positive,6,0.9558128312173916,0.4738167650408837,1.2862737203351535,-0.86474729167992,0.15278121429231128
DOWNSTREAM,true_negative,122,-1.161511980438265,-0.1930918088967736,-0.2590158452007334,0.5296891527783132,-2.7269982840298046
DOWNSTREAM,true_positive,80,-0.0047879343176333074,22.87088699698768,-0.28051552405451574,-0.9044785528801214,6.775547138884207
INPUT,false_negative,46,-1.1259869753125933,-0.20779160524843515,-1.2794734675526502,1.597980033835173,-3.9915242533298994
INPUT,false_positive,8,0.9923025233506632,0.704635254428581,0.5818633166756331,-0.5770507832642902,-0.19367463701951074
INPUT,true_negative,152,-0.8158613081265871,-0.7930009857604593,-0.7202420973263359,0.9181644533629933,-3.216166104820198
INPUT,true_positive,2,1.1945181850575635,1.7714631842613173,0.5812136610854838,-0.7211599377932681,0.3905077386434924
LOAD,false_positive,14,0.7889446061606665,1.3417559141692998,0.8823992246042505,-1.0436045490344996,0.3013033896793819
LOAD,true_negative,114,0.5541474549399522,-0.08019436118960337,0.00860404625518036,0.14315131136435788,-1.7289354528477585
LOAD,true_positive,80,9.035511341608975,9.961019201206232,10.210189987572281,-0.5332098049657338,8.522143378975242
OUTPUT,false_positive,22,4.837891178647521,3.9268521232618356,-3.000747435419564,-1.3614925443229768,1.050699666345464
OUTPUT,true_negative,138,0.13124215986295154,0.03469869528622253,-0.06582057672193595,0.01921434963036219,-2.219525692812964
OUTPUT,true_positive,48,4.89082669465182,5.505092621225237,-0.18020686934233765,-1.3613760882835397,2.5331432923162644
