fold,training_margin_quantile,margin_threshold,coverage,exact_accuracy_non_abstained
1,0.25,0.033926566425924676,0.9230769230769231,0.5833333333333334
1,0.5,0.1296551898367575,0.9230769230769231,0.5833333333333334
1,0.75,0.3222965728648291,0.6153846153846154,0.75
2,0.25,0.03459369893050229,1.0,0.6923076923076923
2,0.5,0.1577197357042669,0.8461538461538461,0.7272727272727273
2,0.75,0.27513329392920277,0.7692307692307693,0.7
3,0.25,0.06348993340141212,0.8461538461538461,0.8181818181818182
3,0.5,0.1571003954711354,0.6923076923076923,0.7777777777777778
3,0.75,0.28829121623463194,0.6923076923076923,0.7777777777777778
4,0.25,0.0295632429658656,1.0,0.5384615384615384
4,0.5,0.14397452031083724,0.6923076923076923,0.6666666666666666
4,0.75,0.2839372089311851,0.6923076923076923,0.6666666666666666
5,0.25,0.04131270088447647,0.9230769230769231,0.75
5,0.5,0.13305787093684573,0.9230769230769231,0.75
5,0.75,0.30664160632665216,0.7692307692307693,0.7
6,0.25,0.050319482195713805,0.9230769230769231,0.75
6,0.5,0.15512563452864736,0.6923076923076923,0.7777777777777778
6,0.75,0.2865686710810169,0.5384615384615384,0.8571428571428571
7,0.25,0.059275380186522564,0.9230769230769231,0.6666666666666666
7,0.5,0.15023128761225002,0.7692307692307693,0.6
7,0.75,0.26729295753132,0.7692307692307693,0.6
8,0.25,0.05244808600233147,0.9230769230769231,0.5833333333333334
8,0.5,0.14703135723891658,0.7692307692307693,0.6
8,0.75,0.3047050228157454,0.6923076923076923,0.6666666666666666
