method,fold,n,exact_set_accuracy,jaccard,complete_cause_recall,partial_cause_recall,micro_f1,macro_f1,over_attribution,under_attribution,control_false_alarm_rate
D4-S,1,5,0.2,0.4,0.2,0.5,0.5555555555555556,0.38095238095238093,0.6,0.8,
D4-S,2,5,0.2,0.39999999999999997,0.2,0.5,0.5555555555555556,0.38095238095238093,0.6,0.8,
D4-S,3,5,0.2,0.39999999999999997,0.2,0.5,0.5555555555555556,0.38095238095238093,0.6,0.8,
D4-S,4,5,0.2,0.39999999999999997,0.2,0.5,0.5555555555555556,0.38095238095238093,0.6,0.8,
D4-S,5,5,0.2,0.4,0.2,0.5,0.5555555555555556,0.38095238095238093,0.6,0.8,
D4-S,6,5,0.2,0.39999999999999997,0.2,0.5,0.5555555555555556,0.38095238095238093,0.6,0.8,
D4-S,7,5,0.2,0.39999999999999997,0.2,0.5,0.5555555555555556,0.38095238095238093,0.6,0.8,
D4-S,8,5,0.2,0.39999999999999997,0.2,0.5,0.5555555555555556,0.38095238095238093,0.6,0.8,
D4-SM,1,5,0.6,0.7333333333333333,0.6,0.8,0.8000000000000002,0.6642857142857143,0.4,0.4,
D4-SM,2,5,0.6,0.7333333333333333,0.6,0.8,0.8000000000000002,0.6642857142857143,0.4,0.4,
D4-SM,3,5,0.6,0.7666666666666667,0.6,0.8,0.8421052631578948,0.7,0.2,0.4,
D4-SM,4,5,0.6,0.7666666666666666,0.6,0.8,0.8421052631578948,0.7,0.2,0.4,
D4-SM,5,5,0.6,0.7333333333333333,0.6,0.8,0.8000000000000002,0.6642857142857143,0.4,0.4,
D4-SM,6,5,0.6,0.7333333333333333,0.6,0.8,0.8000000000000002,0.6642857142857143,0.4,0.4,
D4-SM,7,5,0.6,0.7333333333333334,0.6,0.8,0.8000000000000002,0.6642857142857143,0.4,0.4,
D4-SM,8,5,0.6,0.7666666666666666,0.6,0.8,0.8421052631578948,0.7,0.2,0.4,
D4-SMT,1,5,0.4,0.6333333333333333,0.4,0.7,0.7368421052631577,0.5892857142857143,0.4,0.6,
D4-SMT,2,5,0.6,0.7666666666666667,0.6,0.8,0.8421052631578948,0.7,0.2,0.4,
D4-SMT,3,5,0.6,0.7666666666666667,0.6,0.8,0.8421052631578948,0.7,0.2,0.4,
D4-SMT,4,5,0.6,0.7666666666666666,0.6,0.8,0.8421052631578948,0.7,0.2,0.4,
D4-SMT,5,5,0.6,0.7666666666666667,0.6,0.8,0.8421052631578948,0.7,0.2,0.4,
D4-SMT,6,5,0.6,0.7666666666666666,0.6,0.8,0.8421052631578948,0.7,0.2,0.4,
D4-SMT,7,5,0.6,0.7666666666666667,0.6,0.8,0.8421052631578948,0.7,0.2,0.4,
D4-SMT,8,5,0.6,0.7666666666666666,0.6,0.8,0.8421052631578948,0.7,0.2,0.4,
D4-FULL,1,5,0.6,0.7333333333333333,0.6,0.8,0.8000000000000002,0.6642857142857143,0.4,0.4,
D4-FULL,2,5,0.6,0.7666666666666667,0.6,0.8,0.8421052631578948,0.7,0.2,0.4,
D4-FULL,3,5,0.6,0.7666666666666667,0.6,0.8,0.8421052631578948,0.7,0.2,0.4,
D4-FULL,4,5,0.6,0.7666666666666666,0.6,0.8,0.8421052631578948,0.7,0.2,0.4,
D4-FULL,5,5,0.6,0.7666666666666667,0.6,0.8,0.8421052631578948,0.7,0.2,0.4,
D4-FULL,6,5,0.6,0.7333333333333333,0.6,0.8,0.8000000000000002,0.6642857142857143,0.4,0.4,
D4-FULL,7,5,0.6,0.7333333333333334,0.6,0.8,0.8000000000000002,0.6642857142857143,0.4,0.4,
D4-FULL,8,5,0.6,0.7666666666666666,0.6,0.8,0.8421052631578948,0.7,0.2,0.4,
M2/F2,1,5,0.4,0.7,0.4,0.7,0.8235294117647058,0.6666666666666666,0.0,0.6,
M2/F2,2,5,0.6,0.8,0.6,0.8,0.888888888888889,0.75,0.0,0.4,
M2/F2,3,5,0.6,0.8,0.6,0.8,0.888888888888889,0.75,0.0,0.4,
M2/F2,4,5,0.6,0.8,0.6,0.8,0.888888888888889,0.75,0.0,0.4,
M2/F2,5,5,0.6,0.8,0.6,0.8,0.888888888888889,0.75,0.0,0.4,
M2/F2,6,5,0.6,0.8,0.6,0.8,0.888888888888889,0.75,0.0,0.4,
M2/F2,7,5,0.6,0.8,0.6,0.8,0.888888888888889,0.75,0.0,0.4,
M2/F2,8,5,0.6,0.8,0.6,0.8,0.888888888888889,0.75,0.0,0.4,
M2/F2T,1,5,1.0,1.0,1.0,1.0,1.0,1.0,0.0,0.0,
M2/F2T,2,5,0.8,0.9,0.8,0.9,0.9473684210526316,0.9166666666666666,0.0,0.2,
M2/F2T,3,5,1.0,1.0,1.0,1.0,1.0,1.0,0.0,0.0,
M2/F2T,4,5,0.6,0.8,0.6,0.8,0.888888888888889,0.8333333333333333,0.0,0.4,
M2/F2T,5,5,0.8,0.9,0.8,0.9,0.9473684210526316,0.9166666666666666,0.0,0.2,
M2/F2T,6,5,1.0,1.0,1.0,1.0,1.0,1.0,0.0,0.0,
M2/F2T,7,5,0.8,0.9,0.8,0.9,0.9473684210526316,0.9166666666666666,0.0,0.2,
M2/F2T,8,5,0.6,0.8333333333333333,0.8,0.9,0.9,0.875,0.2,0.2,
D4-FULL-F3,1,5,0.8,0.8666666666666666,0.8,0.9,0.9,0.8666666666666667,0.2,0.2,
D4-FULL-F3,2,5,0.8,0.8666666666666668,0.8,0.9,0.9,0.8666666666666667,0.2,0.2,
D4-FULL-F3,3,5,0.8,0.8666666666666668,0.8,0.9,0.9,0.8666666666666667,0.2,0.2,
D4-FULL-F3,4,5,0.8,0.8666666666666666,0.8,0.9,0.9,0.8666666666666667,0.2,0.2,
D4-FULL-F3,5,5,0.8,0.8666666666666668,0.8,0.9,0.9,0.8666666666666667,0.2,0.2,
D4-FULL-F3,6,5,0.8,0.8666666666666666,0.8,0.9,0.9,0.8666666666666667,0.2,0.2,
D4-FULL-F3,7,5,0.8,0.8666666666666668,0.8,0.9,0.9,0.8666666666666667,0.2,0.2,
D4-FULL-F3,8,5,0.8,0.8666666666666666,0.8,0.9,0.9,0.8666666666666667,0.2,0.2,
