run_id,condition_id,repetition,fold,method,truth_set,predicted_set,true_degree,predicted_count,true_INPUT,pred_INPUT,input_score,true_OUTPUT,pred_OUTPUT,output_score,true_LOAD,pred_LOAD,load_score,true_DOWNSTREAM,pred_DOWNSTREAM,downstream_score,diagnosis_set_margin,error_types
phase6v2-r01-input-load-a01,INPUT_LOAD,1,1,D4-FULL,INPUT+LOAD,OUTPUT+LOAD,2,2,1,0,nan,0,1,nan,1,1,nan,0,0,nan,2.322323901017768,MISS_INPUT;EXTRA_CAUSE
phase6v2-r01-input-downstream-a01,INPUT_DOWNSTREAM,1,1,D4-FULL,INPUT+DOWNSTREAM,LOAD+DOWNSTREAM,2,2,1,0,nan,0,0,nan,0,1,nan,1,1,nan,0.6112540484227065,MISS_INPUT;EXTRA_CAUSE
phase6v2-r02-input-downstream-a01,INPUT_DOWNSTREAM,2,2,D4-FULL,INPUT+DOWNSTREAM,DOWNSTREAM,2,1,1,0,nan,0,0,nan,0,0,nan,1,1,nan,0.8471465465903645,MISS_INPUT;SINGLE_ONLY_PREDICTION
phase6v2-r02-input-load-a01,INPUT_LOAD,2,2,D4-FULL,INPUT+LOAD,OUTPUT+LOAD,2,2,1,0,nan,0,1,nan,1,1,nan,0,0,nan,3.0373448109254095,MISS_INPUT;EXTRA_CAUSE
phase6v2-r03-input-downstream-a01,INPUT_DOWNSTREAM,3,3,D4-FULL,INPUT+DOWNSTREAM,DOWNSTREAM,2,1,1,0,nan,0,0,nan,0,0,nan,1,1,nan,0.8389676499017344,MISS_INPUT;SINGLE_ONLY_PREDICTION
phase6v2-r03-input-load-a01,INPUT_LOAD,3,3,D4-FULL,INPUT+LOAD,OUTPUT+LOAD,2,2,1,0,nan,0,1,nan,1,1,nan,0,0,nan,2.897688862451667,MISS_INPUT;EXTRA_CAUSE
phase6v2-r04-input-load-a01,INPUT_LOAD,4,4,D4-FULL,INPUT+LOAD,OUTPUT+LOAD,2,2,1,0,nan,0,1,nan,1,1,nan,0,0,nan,2.35073483208339,MISS_INPUT;EXTRA_CAUSE
phase6v2-r04-input-downstream-a01,INPUT_DOWNSTREAM,4,4,D4-FULL,INPUT+DOWNSTREAM,DOWNSTREAM,2,1,1,0,nan,0,0,nan,0,0,nan,1,1,nan,0.795691797082986,MISS_INPUT;SINGLE_ONLY_PREDICTION
phase6v2-r05-input-downstream-a01,INPUT_DOWNSTREAM,5,5,D4-FULL,INPUT+DOWNSTREAM,DOWNSTREAM,2,1,1,0,nan,0,0,nan,0,0,nan,1,1,nan,0.812571340497632,MISS_INPUT;SINGLE_ONLY_PREDICTION
phase6v2-r05-input-load-a01,INPUT_LOAD,5,5,D4-FULL,INPUT+LOAD,OUTPUT+LOAD,2,2,1,0,nan,0,1,nan,1,1,nan,0,0,nan,3.2056153452265574,MISS_INPUT;EXTRA_CAUSE
phase6v2-r06-input-load-a01,INPUT_LOAD,6,6,D4-FULL,INPUT+LOAD,OUTPUT+LOAD,2,2,1,0,nan,0,1,nan,1,1,nan,0,0,nan,3.254493650430594,MISS_INPUT;EXTRA_CAUSE
phase6v2-r06-input-downstream-a01,INPUT_DOWNSTREAM,6,6,D4-FULL,INPUT+DOWNSTREAM,LOAD+DOWNSTREAM,2,2,1,0,nan,0,0,nan,0,1,nan,1,1,nan,0.246827101947531,MISS_INPUT;EXTRA_CAUSE
phase6v2-r07-input-downstream-a01,INPUT_DOWNSTREAM,7,7,D4-FULL,INPUT+DOWNSTREAM,LOAD+DOWNSTREAM,2,2,1,0,nan,0,0,nan,0,1,nan,1,1,nan,0.6314525653393694,MISS_INPUT;EXTRA_CAUSE
phase6v2-r07-input-load-a01,INPUT_LOAD,7,7,D4-FULL,INPUT+LOAD,OUTPUT+LOAD,2,2,1,0,nan,0,1,nan,1,1,nan,0,0,nan,2.804557870561659,MISS_INPUT;EXTRA_CAUSE
phase6v2-r08-input-load-a01,INPUT_LOAD,8,8,D4-FULL,INPUT+LOAD,OUTPUT+LOAD,2,2,1,0,nan,0,1,nan,1,1,nan,0,0,nan,2.746373660597918,MISS_INPUT;EXTRA_CAUSE
phase6v2-r08-input-downstream-a01,INPUT_DOWNSTREAM,8,8,D4-FULL,INPUT+DOWNSTREAM,DOWNSTREAM,2,1,1,0,nan,0,0,nan,0,0,nan,1,1,nan,0.9119042024952542,MISS_INPUT;SINGLE_ONLY_PREDICTION
phase6v2-r01-input-load-a01,INPUT_LOAD,1,1,D4-FULL-F3,INPUT+LOAD,OUTPUT+LOAD,2,2,1,0,nan,0,1,nan,1,1,nan,0,0,nan,2.322323901017768,MISS_INPUT;EXTRA_CAUSE
phase6v2-r02-input-load-a01,INPUT_LOAD,2,2,D4-FULL-F3,INPUT+LOAD,OUTPUT+LOAD,2,2,1,0,nan,0,1,nan,1,1,nan,0,0,nan,3.0373448109254095,MISS_INPUT;EXTRA_CAUSE
phase6v2-r03-input-load-a01,INPUT_LOAD,3,3,D4-FULL-F3,INPUT+LOAD,OUTPUT+LOAD,2,2,1,0,nan,0,1,nan,1,1,nan,0,0,nan,2.897688862451667,MISS_INPUT;EXTRA_CAUSE
phase6v2-r04-input-load-a01,INPUT_LOAD,4,4,D4-FULL-F3,INPUT+LOAD,OUTPUT+LOAD,2,2,1,0,nan,0,1,nan,1,1,nan,0,0,nan,2.35073483208339,MISS_INPUT;EXTRA_CAUSE
phase6v2-r05-input-load-a01,INPUT_LOAD,5,5,D4-FULL-F3,INPUT+LOAD,OUTPUT+LOAD,2,2,1,0,nan,0,1,nan,1,1,nan,0,0,nan,3.2056153452265574,MISS_INPUT;EXTRA_CAUSE
phase6v2-r06-input-load-a01,INPUT_LOAD,6,6,D4-FULL-F3,INPUT+LOAD,OUTPUT+LOAD,2,2,1,0,nan,0,1,nan,1,1,nan,0,0,nan,3.254493650430594,MISS_INPUT;EXTRA_CAUSE
phase6v2-r07-input-load-a01,INPUT_LOAD,7,7,D4-FULL-F3,INPUT+LOAD,OUTPUT+LOAD,2,2,1,0,nan,0,1,nan,1,1,nan,0,0,nan,2.804557870561659,MISS_INPUT;EXTRA_CAUSE
phase6v2-r08-input-load-a01,INPUT_LOAD,8,8,D4-FULL-F3,INPUT+LOAD,OUTPUT+LOAD,2,2,1,0,nan,0,1,nan,1,1,nan,0,0,nan,2.746373660597918,MISS_INPUT;EXTRA_CAUSE
phase6v2-r01-input-load-a01,INPUT_LOAD,1,1,D4-S,INPUT+LOAD,OUTPUT+LOAD,2,2,1,0,nan,0,1,nan,1,1,nan,0,0,nan,6.2782228686017305,MISS_INPUT;EXTRA_CAUSE
phase6v2-r01-load-downstream-a01,LOAD_DOWNSTREAM,1,1,D4-S,LOAD+DOWNSTREAM,OUTPUT+LOAD,2,2,0,0,nan,0,1,nan,1,1,nan,1,0,nan,0.8282195378654427,MISS_DOWNSTREAM;EXTRA_CAUSE
phase6v2-r01-input-downstream-a01,INPUT_DOWNSTREAM,1,1,D4-S,INPUT+DOWNSTREAM,NONE,2,0,1,0,nan,0,0,nan,0,0,nan,1,0,nan,0.27583322423755985,MISS_DOWNSTREAM;MISS_INPUT;MISS_BOTH;EMPTY_PREDICTION
phase6v2-r01-output-downstream-a01,OUTPUT_DOWNSTREAM,1,1,D4-S,OUTPUT+DOWNSTREAM,OUTPUT+LOAD,2,2,0,0,nan,1,1,nan,0,1,nan,1,0,nan,2.961506094967392,MISS_DOWNSTREAM;EXTRA_CAUSE
phase6v2-r02-input-downstream-a01,INPUT_DOWNSTREAM,2,2,D4-S,INPUT+DOWNSTREAM,NONE,2,0,1,0,nan,0,0,nan,0,0,nan,1,0,nan,0.20518700935021328,MISS_DOWNSTREAM;MISS_INPUT;MISS_BOTH;EMPTY_PREDICTION
phase6v2-r02-output-downstream-a01,OUTPUT_DOWNSTREAM,2,2,D4-S,OUTPUT+DOWNSTREAM,OUTPUT+LOAD,2,2,0,0,nan,1,1,nan,0,1,nan,1,0,nan,2.5738958270953143,MISS_DOWNSTREAM;EXTRA_CAUSE
phase6v2-r02-input-load-a01,INPUT_LOAD,2,2,D4-S,INPUT+LOAD,OUTPUT+LOAD,2,2,1,0,nan,0,1,nan,1,1,nan,0,0,nan,7.54845339718177,MISS_INPUT;EXTRA_CAUSE
phase6v2-r02-load-downstream-a01,LOAD_DOWNSTREAM,2,2,D4-S,LOAD+DOWNSTREAM,OUTPUT+LOAD,2,2,0,0,nan,0,1,nan,1,1,nan,1,0,nan,0.2078149459025802,MISS_DOWNSTREAM;EXTRA_CAUSE
phase6v2-r03-output-downstream-a01,OUTPUT_DOWNSTREAM,3,3,D4-S,OUTPUT+DOWNSTREAM,OUTPUT+LOAD,2,2,0,0,nan,1,1,nan,0,1,nan,1,0,nan,3.2547521516833893,MISS_DOWNSTREAM;EXTRA_CAUSE
phase6v2-r03-input-downstream-a01,INPUT_DOWNSTREAM,3,3,D4-S,INPUT+DOWNSTREAM,NONE,2,0,1,0,nan,0,0,nan,0,0,nan,1,0,nan,0.16957797376864225,MISS_DOWNSTREAM;MISS_INPUT;MISS_BOTH;EMPTY_PREDICTION
phase6v2-r03-input-load-a01,INPUT_LOAD,3,3,D4-S,INPUT+LOAD,OUTPUT+LOAD,2,2,1,0,nan,0,1,nan,1,1,nan,0,0,nan,7.809196102222837,MISS_INPUT;EXTRA_CAUSE
phase6v2-r03-load-downstream-a01,LOAD_DOWNSTREAM,3,3,D4-S,LOAD+DOWNSTREAM,OUTPUT+LOAD,2,2,0,0,nan,0,1,nan,1,1,nan,1,0,nan,0.5566654385410565,MISS_DOWNSTREAM;EXTRA_CAUSE
phase6v2-r04-input-load-a01,INPUT_LOAD,4,4,D4-S,INPUT+LOAD,OUTPUT+LOAD,2,2,1,0,nan,0,1,nan,1,1,nan,0,0,nan,7.213327295079505,MISS_INPUT;EXTRA_CAUSE
phase6v2-r04-input-downstream-a01,INPUT_DOWNSTREAM,4,4,D4-S,INPUT+DOWNSTREAM,NONE,2,0,1,0,nan,0,0,nan,0,0,nan,1,0,nan,0.11987568144927341,MISS_DOWNSTREAM;MISS_INPUT;MISS_BOTH;EMPTY_PREDICTION
phase6v2-r04-output-downstream-a01,OUTPUT_DOWNSTREAM,4,4,D4-S,OUTPUT+DOWNSTREAM,OUTPUT+LOAD,2,2,0,0,nan,1,1,nan,0,1,nan,1,0,nan,2.4901610432665384,MISS_DOWNSTREAM;EXTRA_CAUSE
phase6v2-r04-load-downstream-a01,LOAD_DOWNSTREAM,4,4,D4-S,LOAD+DOWNSTREAM,OUTPUT+LOAD,2,2,0,0,nan,0,1,nan,1,1,nan,1,0,nan,0.4839432223676594,MISS_DOWNSTREAM;EXTRA_CAUSE
phase6v2-r05-output-downstream-a01,OUTPUT_DOWNSTREAM,5,5,D4-S,OUTPUT+DOWNSTREAM,OUTPUT+LOAD,2,2,0,0,nan,1,1,nan,0,1,nan,1,0,nan,2.3593619200116587,MISS_DOWNSTREAM;EXTRA_CAUSE
phase6v2-r05-input-downstream-a01,INPUT_DOWNSTREAM,5,5,D4-S,INPUT+DOWNSTREAM,NONE,2,0,1,0,nan,0,0,nan,0,0,nan,1,0,nan,0.06453471320435922,MISS_DOWNSTREAM;MISS_INPUT;MISS_BOTH;EMPTY_PREDICTION
phase6v2-r05-load-downstream-a01,LOAD_DOWNSTREAM,5,5,D4-S,LOAD+DOWNSTREAM,OUTPUT+LOAD,2,2,0,0,nan,0,1,nan,1,1,nan,1,0,nan,0.7453608538838665,MISS_DOWNSTREAM;EXTRA_CAUSE
phase6v2-r05-input-load-a01,INPUT_LOAD,5,5,D4-S,INPUT+LOAD,OUTPUT+LOAD,2,2,1,0,nan,0,1,nan,1,1,nan,0,0,nan,7.795629982155775,MISS_INPUT;EXTRA_CAUSE
phase6v2-r06-input-load-a01,INPUT_LOAD,6,6,D4-S,INPUT+LOAD,OUTPUT+LOAD,2,2,1,0,nan,0,1,nan,1,1,nan,0,0,nan,7.929886438852984,MISS_INPUT;EXTRA_CAUSE
phase6v2-r06-load-downstream-a01,LOAD_DOWNSTREAM,6,6,D4-S,LOAD+DOWNSTREAM,OUTPUT+LOAD,2,2,0,0,nan,0,1,nan,1,1,nan,1,0,nan,0.8321859093996702,MISS_DOWNSTREAM;EXTRA_CAUSE
phase6v2-r06-input-downstream-a01,INPUT_DOWNSTREAM,6,6,D4-S,INPUT+DOWNSTREAM,NONE,2,0,1,0,nan,0,0,nan,0,0,nan,1,0,nan,0.15896676467144255,MISS_DOWNSTREAM;MISS_INPUT;MISS_BOTH;EMPTY_PREDICTION
phase6v2-r06-output-downstream-a01,OUTPUT_DOWNSTREAM,6,6,D4-S,OUTPUT+DOWNSTREAM,OUTPUT+LOAD,2,2,0,0,nan,1,1,nan,0,1,nan,1,0,nan,3.2556196501375503,MISS_DOWNSTREAM;EXTRA_CAUSE
phase6v2-r07-load-downstream-a01,LOAD_DOWNSTREAM,7,7,D4-S,LOAD+DOWNSTREAM,OUTPUT+LOAD,2,2,0,0,nan,0,1,nan,1,1,nan,1,0,nan,0.5129894982068457,MISS_DOWNSTREAM;EXTRA_CAUSE
phase6v2-r07-input-downstream-a01,INPUT_DOWNSTREAM,7,7,D4-S,INPUT+DOWNSTREAM,NONE,2,0,1,0,nan,0,0,nan,0,0,nan,1,0,nan,0.15479322085957126,MISS_DOWNSTREAM;MISS_INPUT;MISS_BOTH;EMPTY_PREDICTION
phase6v2-r07-input-load-a01,INPUT_LOAD,7,7,D4-S,INPUT+LOAD,OUTPUT+LOAD,2,2,1,0,nan,0,1,nan,1,1,nan,0,0,nan,7.79700905539812,MISS_INPUT;EXTRA_CAUSE
phase6v2-r07-output-downstream-a01,OUTPUT_DOWNSTREAM,7,7,D4-S,OUTPUT+DOWNSTREAM,OUTPUT+LOAD,2,2,0,0,nan,1,1,nan,0,1,nan,1,0,nan,2.804956449539488,MISS_DOWNSTREAM;EXTRA_CAUSE
phase6v2-r08-input-load-a01,INPUT_LOAD,8,8,D4-S,INPUT+LOAD,OUTPUT+LOAD,2,2,1,0,nan,0,1,nan,1,1,nan,0,0,nan,7.648312673167485,MISS_INPUT;EXTRA_CAUSE
phase6v2-r08-output-downstream-a01,OUTPUT_DOWNSTREAM,8,8,D4-S,OUTPUT+DOWNSTREAM,OUTPUT+LOAD,2,2,0,0,nan,1,1,nan,0,1,nan,1,0,nan,3.108562485230821,MISS_DOWNSTREAM;EXTRA_CAUSE
phase6v2-r08-input-downstream-a01,INPUT_DOWNSTREAM,8,8,D4-S,INPUT+DOWNSTREAM,NONE,2,0,1,0,nan,0,0,nan,0,0,nan,1,0,nan,0.02744023725907896,MISS_DOWNSTREAM;MISS_INPUT;MISS_BOTH;EMPTY_PREDICTION
phase6v2-r08-load-downstream-a01,LOAD_DOWNSTREAM,8,8,D4-S,LOAD+DOWNSTREAM,OUTPUT+LOAD,2,2,0,0,nan,0,1,nan,1,1,nan,1,0,nan,0.8688689229800097,MISS_DOWNSTREAM;EXTRA_CAUSE
phase6v2-r01-input-load-a01,INPUT_LOAD,1,1,D4-SM,INPUT+LOAD,OUTPUT+LOAD,2,2,1,0,nan,0,1,nan,1,1,nan,0,0,nan,5.728460503329067,MISS_INPUT;EXTRA_CAUSE
phase6v2-r01-input-downstream-a01,INPUT_DOWNSTREAM,1,1,D4-SM,INPUT+DOWNSTREAM,LOAD+DOWNSTREAM,2,2,1,0,nan,0,0,nan,0,1,nan,1,1,nan,0.3859932089849245,MISS_INPUT;EXTRA_CAUSE
phase6v2-r02-input-downstream-a01,INPUT_DOWNSTREAM,2,2,D4-SM,INPUT+DOWNSTREAM,LOAD+DOWNSTREAM,2,2,1,0,nan,0,0,nan,0,1,nan,1,1,nan,0.06684920719729348,MISS_INPUT;EXTRA_CAUSE
phase6v2-r02-input-load-a01,INPUT_LOAD,2,2,D4-SM,INPUT+LOAD,OUTPUT+LOAD,2,2,1,0,nan,0,1,nan,1,1,nan,0,0,nan,6.41760515672636,MISS_INPUT;EXTRA_CAUSE
phase6v2-r03-input-downstream-a01,INPUT_DOWNSTREAM,3,3,D4-SM,INPUT+DOWNSTREAM,DOWNSTREAM,2,1,1,0,nan,0,0,nan,0,0,nan,1,1,nan,0.3828667443801983,MISS_INPUT;SINGLE_ONLY_PREDICTION
phase6v2-r03-input-load-a01,INPUT_LOAD,3,3,D4-SM,INPUT+LOAD,OUTPUT+LOAD,2,2,1,0,nan,0,1,nan,1,1,nan,0,0,nan,6.636790845984927,MISS_INPUT;EXTRA_CAUSE
phase6v2-r04-input-load-a01,INPUT_LOAD,4,4,D4-SM,INPUT+LOAD,OUTPUT+LOAD,2,2,1,0,nan,0,1,nan,1,1,nan,0,0,nan,6.341678224829732,MISS_INPUT;EXTRA_CAUSE
phase6v2-r04-input-downstream-a01,INPUT_DOWNSTREAM,4,4,D4-SM,INPUT+DOWNSTREAM,DOWNSTREAM,2,1,1,0,nan,0,0,nan,0,0,nan,1,1,nan,0.3127951482561695,MISS_INPUT;SINGLE_ONLY_PREDICTION
phase6v2-r05-input-downstream-a01,INPUT_DOWNSTREAM,5,5,D4-SM,INPUT+DOWNSTREAM,LOAD+DOWNSTREAM,2,2,1,0,nan,0,0,nan,0,1,nan,1,1,nan,0.11725250162310275,MISS_INPUT;EXTRA_CAUSE
phase6v2-r05-input-load-a01,INPUT_LOAD,5,5,D4-SM,INPUT+LOAD,OUTPUT+LOAD,2,2,1,0,nan,0,1,nan,1,1,nan,0,0,nan,6.530940238851269,MISS_INPUT;EXTRA_CAUSE
phase6v2-r06-input-load-a01,INPUT_LOAD,6,6,D4-SM,INPUT+LOAD,OUTPUT+LOAD,2,2,1,0,nan,0,1,nan,1,1,nan,0,0,nan,6.588759052681311,MISS_INPUT;EXTRA_CAUSE
phase6v2-r06-input-downstream-a01,INPUT_DOWNSTREAM,6,6,D4-SM,INPUT+DOWNSTREAM,LOAD+DOWNSTREAM,2,2,1,0,nan,0,0,nan,0,1,nan,1,1,nan,0.929351117256342,MISS_INPUT;EXTRA_CAUSE
phase6v2-r07-input-downstream-a01,INPUT_DOWNSTREAM,7,7,D4-SM,INPUT+DOWNSTREAM,LOAD+DOWNSTREAM,2,2,1,0,nan,0,0,nan,0,1,nan,1,1,nan,0.5754217156199246,MISS_INPUT;EXTRA_CAUSE
phase6v2-r07-input-load-a01,INPUT_LOAD,7,7,D4-SM,INPUT+LOAD,OUTPUT+LOAD,2,2,1,0,nan,0,1,nan,1,1,nan,0,0,nan,6.62298406477521,MISS_INPUT;EXTRA_CAUSE
phase6v2-r08-input-load-a01,INPUT_LOAD,8,8,D4-SM,INPUT+LOAD,OUTPUT+LOAD,2,2,1,0,nan,0,1,nan,1,1,nan,0,0,nan,6.4518115890717525,MISS_INPUT;EXTRA_CAUSE
phase6v2-r08-input-downstream-a01,INPUT_DOWNSTREAM,8,8,D4-SM,INPUT+DOWNSTREAM,DOWNSTREAM,2,1,1,0,nan,0,0,nan,0,0,nan,1,1,nan,0.32375836975227124,MISS_INPUT;SINGLE_ONLY_PREDICTION
phase6v2-r01-input-load-a01,INPUT_LOAD,1,1,D4-SMT,INPUT+LOAD,OUTPUT+LOAD,2,2,1,0,nan,0,1,nan,1,1,nan,0,0,nan,5.488220964878483,MISS_INPUT;EXTRA_CAUSE
phase6v2-r01-input-downstream-a01,INPUT_DOWNSTREAM,1,1,D4-SMT,INPUT+DOWNSTREAM,DOWNSTREAM,2,1,1,0,nan,0,0,nan,0,0,nan,1,1,nan,0.8173490336569618,MISS_INPUT;SINGLE_ONLY_PREDICTION
phase6v2-r01-output-downstream-a01,OUTPUT_DOWNSTREAM,1,1,D4-SMT,OUTPUT+DOWNSTREAM,LOAD+DOWNSTREAM,2,2,0,0,nan,1,0,nan,0,1,nan,1,1,nan,0.31022909124276943,MISS_OUTPUT;EXTRA_CAUSE
phase6v2-r02-input-downstream-a01,INPUT_DOWNSTREAM,2,2,D4-SMT,INPUT+DOWNSTREAM,DOWNSTREAM,2,1,1,0,nan,0,0,nan,0,0,nan,1,1,nan,0.8753730741273662,MISS_INPUT;SINGLE_ONLY_PREDICTION
phase6v2-r02-input-load-a01,INPUT_LOAD,2,2,D4-SMT,INPUT+LOAD,OUTPUT+LOAD,2,2,1,0,nan,0,1,nan,1,1,nan,0,0,nan,5.831672349476431,MISS_INPUT;EXTRA_CAUSE
phase6v2-r03-input-downstream-a01,INPUT_DOWNSTREAM,3,3,D4-SMT,INPUT+DOWNSTREAM,DOWNSTREAM,2,1,1,0,nan,0,0,nan,0,0,nan,1,1,nan,0.8718343020367119,MISS_INPUT;SINGLE_ONLY_PREDICTION
phase6v2-r03-input-load-a01,INPUT_LOAD,3,3,D4-SMT,INPUT+LOAD,OUTPUT+LOAD,2,2,1,0,nan,0,1,nan,1,1,nan,0,0,nan,5.374190073087014,MISS_INPUT;EXTRA_CAUSE
phase6v2-r04-input-load-a01,INPUT_LOAD,4,4,D4-SMT,INPUT+LOAD,OUTPUT+LOAD,2,2,1,0,nan,0,1,nan,1,1,nan,0,0,nan,5.143050216180741,MISS_INPUT;EXTRA_CAUSE
phase6v2-r04-input-downstream-a01,INPUT_DOWNSTREAM,4,4,D4-SMT,INPUT+DOWNSTREAM,DOWNSTREAM,2,1,1,0,nan,0,0,nan,0,0,nan,1,1,nan,0.8870258720555597,MISS_INPUT;SINGLE_ONLY_PREDICTION
phase6v2-r05-input-downstream-a01,INPUT_DOWNSTREAM,5,5,D4-SMT,INPUT+DOWNSTREAM,DOWNSTREAM,2,1,1,0,nan,0,0,nan,0,0,nan,1,1,nan,0.8723612395443086,MISS_INPUT;SINGLE_ONLY_PREDICTION
phase6v2-r05-input-load-a01,INPUT_LOAD,5,5,D4-SMT,INPUT+LOAD,OUTPUT+LOAD,2,2,1,0,nan,0,1,nan,1,1,nan,0,0,nan,5.857415014227506,MISS_INPUT;EXTRA_CAUSE
phase6v2-r06-input-load-a01,INPUT_LOAD,6,6,D4-SMT,INPUT+LOAD,OUTPUT+LOAD,2,2,1,0,nan,0,1,nan,1,1,nan,0,0,nan,5.752256125551504,MISS_INPUT;EXTRA_CAUSE
phase6v2-r06-input-downstream-a01,INPUT_DOWNSTREAM,6,6,D4-SMT,INPUT+DOWNSTREAM,DOWNSTREAM,2,1,1,0,nan,0,0,nan,0,0,nan,1,1,nan,0.01439348985202571,MISS_INPUT;SINGLE_ONLY_PREDICTION
phase6v2-r07-input-downstream-a01,INPUT_DOWNSTREAM,7,7,D4-SMT,INPUT+DOWNSTREAM,DOWNSTREAM,2,1,1,0,nan,0,0,nan,0,0,nan,1,1,nan,0.7823657064194958,MISS_INPUT;SINGLE_ONLY_PREDICTION
phase6v2-r07-input-load-a01,INPUT_LOAD,7,7,D4-SMT,INPUT+LOAD,OUTPUT+LOAD,2,2,1,0,nan,0,1,nan,1,1,nan,0,0,nan,5.479787372845232,MISS_INPUT;EXTRA_CAUSE
phase6v2-r08-input-load-a01,INPUT_LOAD,8,8,D4-SMT,INPUT+LOAD,OUTPUT+LOAD,2,2,1,0,nan,0,1,nan,1,1,nan,0,0,nan,5.2339783692048805,MISS_INPUT;EXTRA_CAUSE
phase6v2-r08-input-downstream-a01,INPUT_DOWNSTREAM,8,8,D4-SMT,INPUT+DOWNSTREAM,DOWNSTREAM,2,1,1,0,nan,0,0,nan,0,0,nan,1,1,nan,0.7772442019721897,MISS_INPUT;SINGLE_ONLY_PREDICTION
phase6v2-r01-input-load-a01,INPUT_LOAD,1,1,M2/F2,INPUT+LOAD,LOAD,2,1,1,0,0.008506793824096807,0,0,0.06540043165843443,1,1,0.9999999999999203,0,0,0.02388642675314852,nan,MISS_INPUT;SINGLE_ONLY_PREDICTION
phase6v2-r01-input-downstream-a01,INPUT_DOWNSTREAM,1,1,M2/F2,INPUT+DOWNSTREAM,DOWNSTREAM,2,1,1,0,0.22313058023522545,0,0,0.0251627151917069,0,0,0.05369658622863225,1,1,0.9965503543340863,nan,MISS_INPUT;SINGLE_ONLY_PREDICTION
phase6v2-r01-output-load-a01,OUTPUT_LOAD,1,1,M2/F2,OUTPUT+LOAD,LOAD,2,1,0,0,0.00023106285447170585,1,0,0.45712458909381287,1,1,1.0,0,0,0.018322141713565568,nan,MISS_OUTPUT;SINGLE_ONLY_PREDICTION
phase6v2-r02-input-downstream-a01,INPUT_DOWNSTREAM,2,2,M2/F2,INPUT+DOWNSTREAM,DOWNSTREAM,2,1,1,0,0.33513954312388367,0,0,0.03388653538910634,0,0,0.05458303774529066,1,1,0.9973846411111269,nan,MISS_INPUT;SINGLE_ONLY_PREDICTION
phase6v2-r02-input-load-a01,INPUT_LOAD,2,2,M2/F2,INPUT+LOAD,LOAD,2,1,1,0,0.0030493409515070817,0,0,0.08359092292295864,1,1,0.999999999999958,0,0,0.027289737792865264,nan,MISS_INPUT;SINGLE_ONLY_PREDICTION
phase6v2-r03-input-downstream-a01,INPUT_DOWNSTREAM,3,3,M2/F2,INPUT+DOWNSTREAM,DOWNSTREAM,2,1,1,0,0.12596465359429845,0,0,0.02631704226770185,0,0,0.060309770870380246,1,1,0.9971055135442921,nan,MISS_INPUT;SINGLE_ONLY_PREDICTION
phase6v2-r03-input-load-a01,INPUT_LOAD,3,3,M2/F2,INPUT+LOAD,LOAD,2,1,1,0,0.006344275400465808,0,0,0.11745336865374711,1,1,0.999999999999972,0,0,0.029431437968116824,nan,MISS_INPUT;SINGLE_ONLY_PREDICTION
phase6v2-r04-input-load-a01,INPUT_LOAD,4,4,M2/F2,INPUT+LOAD,LOAD,2,1,1,0,0.009497451112927206,0,0,0.12086484764557318,1,1,0.9999999999999705,0,0,0.028358673432622508,nan,MISS_INPUT;SINGLE_ONLY_PREDICTION
phase6v2-r04-input-downstream-a01,INPUT_DOWNSTREAM,4,4,M2/F2,INPUT+DOWNSTREAM,DOWNSTREAM,2,1,1,0,0.1076417117961273,0,0,0.022823412202889807,0,0,0.060953560639526165,1,1,0.9970506681237341,nan,MISS_INPUT;SINGLE_ONLY_PREDICTION
phase6v2-r05-input-downstream-a01,INPUT_DOWNSTREAM,5,5,M2/F2,INPUT+DOWNSTREAM,DOWNSTREAM,2,1,1,0,0.22721952415832605,0,0,0.02749730885272447,0,0,0.05427759395555894,1,1,0.9970058382877987,nan,MISS_INPUT;SINGLE_ONLY_PREDICTION
phase6v2-r05-input-load-a01,INPUT_LOAD,5,5,M2/F2,INPUT+LOAD,LOAD,2,1,1,0,0.005301475511711012,0,0,0.09884812225902313,1,1,0.9999999999999059,0,0,0.03003594379103502,nan,MISS_INPUT;SINGLE_ONLY_PREDICTION
phase6v2-r06-input-load-a01,INPUT_LOAD,6,6,M2/F2,INPUT+LOAD,LOAD,2,1,1,0,0.0070398036273855834,0,0,0.10391469199966338,1,1,0.9999999999998972,0,0,0.029443834923017897,nan,MISS_INPUT;SINGLE_ONLY_PREDICTION
phase6v2-r06-input-downstream-a01,INPUT_DOWNSTREAM,6,6,M2/F2,INPUT+DOWNSTREAM,DOWNSTREAM,2,1,1,0,0.1118704508089914,0,0,0.025966784686531685,0,0,0.05979810103486729,1,1,0.9970012770630298,nan,MISS_INPUT;SINGLE_ONLY_PREDICTION
phase6v2-r07-input-downstream-a01,INPUT_DOWNSTREAM,7,7,M2/F2,INPUT+DOWNSTREAM,DOWNSTREAM,2,1,1,0,0.11307005066363678,0,0,0.024208368648597763,0,0,0.05881555343865872,1,1,0.9971018371961711,nan,MISS_INPUT;SINGLE_ONLY_PREDICTION
phase6v2-r07-input-load-a01,INPUT_LOAD,7,7,M2/F2,INPUT+LOAD,LOAD,2,1,1,0,0.004576043435513753,0,0,0.11084723809512595,1,1,0.9999999999999531,0,0,0.0286113520220306,nan,MISS_INPUT;SINGLE_ONLY_PREDICTION
phase6v2-r08-input-load-a01,INPUT_LOAD,8,8,M2/F2,INPUT+LOAD,LOAD,2,1,1,0,0.003234725590676139,0,0,0.10069213776564699,1,1,0.9999999999999407,0,0,0.028724972908876257,nan,MISS_INPUT;SINGLE_ONLY_PREDICTION
phase6v2-r08-input-downstream-a01,INPUT_DOWNSTREAM,8,8,M2/F2,INPUT+DOWNSTREAM,DOWNSTREAM,2,1,1,0,0.14358813675909163,0,0,0.023554842608068463,0,0,0.06260683167318748,1,1,0.9971205530942006,nan,MISS_INPUT;SINGLE_ONLY_PREDICTION
phase6v2-r02-input-downstream-a01,INPUT_DOWNSTREAM,2,2,M2/F2T,INPUT+DOWNSTREAM,DOWNSTREAM,2,1,1,0,0.3530874139979799,0,0,0.030796879984061033,0,0,0.05455499538192697,1,1,0.9990825719149965,nan,MISS_INPUT;SINGLE_ONLY_PREDICTION
phase6v2-r04-output-load-a01,OUTPUT_LOAD,4,4,M2/F2T,OUTPUT+LOAD,LOAD,2,1,0,0,0.0010973167009473987,1,0,0.40663062951486156,1,1,1.0,0,0,0.027761077586907185,nan,MISS_OUTPUT;SINGLE_ONLY_PREDICTION
phase6v2-r04-input-downstream-a01,INPUT_DOWNSTREAM,4,4,M2/F2T,INPUT+DOWNSTREAM,DOWNSTREAM,2,1,1,0,0.4346958969377686,0,0,0.030829375550386572,0,0,0.04439633047662082,1,1,0.9992040891187833,nan,MISS_INPUT;SINGLE_ONLY_PREDICTION
phase6v2-r05-output-load-a01,OUTPUT_LOAD,5,5,M2/F2T,OUTPUT+LOAD,LOAD,2,1,0,0,0.025015739346947577,1,0,0.4258373300814963,1,1,1.0,0,0,0.034139173433450014,nan,MISS_OUTPUT;SINGLE_ONLY_PREDICTION
phase6v2-r07-output-load-a01,OUTPUT_LOAD,7,7,M2/F2T,OUTPUT+LOAD,LOAD,2,1,0,0,0.45431787432098264,1,0,0.4415746346325398,1,1,1.0,0,0,0.03514166279539311,nan,MISS_OUTPUT;SINGLE_ONLY_PREDICTION
phase6v2-r08-output-load-a01,OUTPUT_LOAD,8,8,M2/F2T,OUTPUT+LOAD,INPUT+OUTPUT+LOAD,2,3,0,1,0.931800220150184,1,1,0.6061335325074911,1,1,1.0,0,0,0.06701901896578659,nan,EXTRA_CAUSE
phase6v2-r08-input-downstream-a01,INPUT_DOWNSTREAM,8,8,M2/F2T,INPUT+DOWNSTREAM,DOWNSTREAM,2,1,1,0,0.44092193960365433,0,0,0.02496986247375409,0,0,0.03915040135663475,1,1,0.9989537513406194,nan,MISS_INPUT;SINGLE_ONLY_PREDICTION
