domain,method,degradation_family,severity,realization_seed,compound_exact,retention,absolute_loss,complete_cause_recall,jaccard,macro_f1,over_attribution,under_attribution,control_false_alarm_rate,control_false_alarm_change
source,M2/F2,noise,0.1,8501,0.575,1.0,0.0,0.575,0.7875,0.7419354838709677,0.0,0.425,0.75,0.0625
source,M2/F2T,noise,0.1,8501,0.95,1.1515151515151516,-0.125,1.0,0.9833333333333334,0.9852941176470589,0.05,0.0,0.0625,0.0
source,D4-FULL,noise,0.1,8501,0.6,1.0,0.0,0.6,0.7375,0.6681818181818182,0.375,0.4,0.5625,0.25
source,D4-FULL-F3,noise,0.1,8501,0.7,0.8749999999999999,0.10000000000000009,0.7,0.8125,0.7969854469854469,0.225,0.3,0.5,0.1875
source,M2/F2,noise,0.1,8502,0.575,1.0,0.0,0.575,0.7875,0.7419354838709677,0.0,0.425,0.8125,0.125
source,M2/F2T,noise,0.1,8502,0.925,1.1212121212121213,-0.10000000000000009,0.975,0.9708333333333334,0.9772296015180266,0.05,0.025,0.125,0.0625
source,D4-FULL,noise,0.1,8502,0.6,1.0,0.0,0.6,0.7375,0.6681818181818182,0.375,0.4,0.5625,0.25
source,D4-FULL-F3,noise,0.1,8502,0.675,0.84375,0.125,0.675,0.7875,0.7604906678888803,0.3,0.325,0.5,0.1875
source,M2/F2,noise,0.1,8503,0.575,1.0,0.0,0.575,0.7875,0.7419354838709677,0.0,0.425,0.6875,0.0
source,M2/F2T,noise,0.1,8503,0.925,1.1212121212121213,-0.10000000000000009,0.975,0.9708333333333334,0.9772296015180266,0.05,0.025,0.0625,0.0
source,D4-FULL,noise,0.1,8503,0.6,1.0,0.0,0.6,0.7416666666666666,0.6722222222222223,0.35,0.4,0.4375,0.125
source,D4-FULL-F3,noise,0.1,8503,0.675,0.84375,0.125,0.675,0.7875,0.7604906678888803,0.3,0.325,0.375,0.0625
source,M2/F2,noise,0.1,8504,0.575,1.0,0.0,0.575,0.7875,0.7419354838709677,0.0,0.425,0.6875,0.0
source,M2/F2T,noise,0.1,8504,0.95,1.1515151515151516,-0.125,1.0,0.9833333333333334,0.9852941176470589,0.05,0.0,0.0625,0.0
source,D4-FULL,noise,0.1,8504,0.6,1.0,0.0,0.6,0.7416666666666666,0.6722222222222223,0.35,0.4,0.4375,0.125
source,D4-FULL-F3,noise,0.1,8504,0.7,0.8749999999999999,0.10000000000000009,0.7,0.8041666666666666,0.7858974358974359,0.275,0.3,0.375,0.0625
source,M2/F2,noise,0.1,8505,0.575,1.0,0.0,0.575,0.7875,0.7419354838709677,0.0,0.425,0.6875,0.0
source,M2/F2T,noise,0.1,8505,0.925,1.1212121212121213,-0.10000000000000009,0.975,0.9708333333333334,0.9772296015180266,0.05,0.025,0.0625,0.0
source,D4-FULL,noise,0.1,8505,0.6,1.0,0.0,0.6,0.7333333333333333,0.6642857142857143,0.4,0.4,0.5,0.1875
source,D4-FULL-F3,noise,0.1,8505,0.7,0.8749999999999999,0.10000000000000009,0.7,0.8125,0.7969854469854469,0.225,0.3,0.5,0.1875
source,M2/F2,noise,0.1,8506,0.575,1.0,0.0,0.575,0.7875,0.7419354838709677,0.0,0.425,0.6875,0.0
source,M2/F2T,noise,0.1,8506,0.925,1.1212121212121213,-0.10000000000000009,0.975,0.9708333333333334,0.9772296015180266,0.05,0.025,0.0625,0.0
source,D4-FULL,noise,0.1,8506,0.6,1.0,0.0,0.6,0.7416666666666666,0.6722222222222223,0.35,0.4,0.5625,0.25
source,D4-FULL-F3,noise,0.1,8506,0.7,0.8749999999999999,0.10000000000000009,0.7,0.7999999999999999,0.7807692307692308,0.3,0.3,0.5,0.1875
source,M2/F2,noise,0.1,8507,0.575,1.0,0.0,0.575,0.7875,0.7419354838709677,0.0,0.425,0.6875,0.0
source,M2/F2T,noise,0.1,8507,0.925,1.1212121212121213,-0.10000000000000009,0.975,0.9708333333333334,0.9772296015180266,0.05,0.025,0.0625,0.0
source,D4-FULL,noise,0.1,8507,0.6,1.0,0.0,0.6,0.7375,0.6681818181818182,0.375,0.4,0.625,0.3125
source,D4-FULL-F3,noise,0.1,8507,0.625,0.78125,0.17500000000000004,0.625,0.7625,0.7138097991039167,0.3,0.375,0.4375,0.125
source,M2/F2,noise,0.1,8508,0.575,1.0,0.0,0.575,0.7875,0.7419354838709677,0.0,0.425,0.6875,0.0
source,M2/F2T,noise,0.1,8508,0.925,1.1212121212121213,-0.10000000000000009,0.975,0.9708333333333334,0.9772296015180266,0.05,0.025,0.125,0.0625
source,D4-FULL,noise,0.1,8508,0.6,1.0,0.0,0.6,0.7416666666666666,0.6722222222222223,0.35,0.4,0.6875,0.375
source,D4-FULL-F3,noise,0.1,8508,0.7,0.8749999999999999,0.10000000000000009,0.7,0.8125,0.7969854469854469,0.225,0.3,0.5,0.1875
source,M2/F2,noise,0.1,8509,0.575,1.0,0.0,0.575,0.7875,0.7419354838709677,0.0,0.425,0.8125,0.125
source,M2/F2T,noise,0.1,8509,0.95,1.1515151515151516,-0.125,1.0,0.9833333333333334,0.9852941176470589,0.05,0.0,0.125,0.0625
source,D4-FULL,noise,0.1,8509,0.6,1.0,0.0,0.6,0.7375,0.6681818181818182,0.375,0.4,0.5625,0.25
source,D4-FULL-F3,noise,0.1,8509,0.65,0.8125,0.15000000000000002,0.65,0.7708333333333333,0.7329059829059829,0.325,0.35,0.5,0.1875
source,M2/F2,noise,0.1,8510,0.575,1.0,0.0,0.575,0.7875,0.7419354838709677,0.0,0.425,0.75,0.0625
source,M2/F2T,noise,0.1,8510,0.95,1.1515151515151516,-0.125,1.0,0.9833333333333334,0.9852941176470589,0.05,0.0,0.0625,0.0
source,D4-FULL,noise,0.1,8510,0.6,1.0,0.0,0.6,0.7333333333333333,0.6642857142857143,0.4,0.4,0.625,0.3125
source,D4-FULL-F3,noise,0.1,8510,0.625,0.78125,0.17500000000000004,0.625,0.7583333333333333,0.7081198986771742,0.325,0.375,0.5,0.1875
source,M2/F2,noise,0.25,8501,0.6,1.0434782608695652,-0.025000000000000022,0.6,0.8,0.7713472485768501,0.0,0.4,0.5625,-0.125
source,M2/F2T,noise,0.25,8501,0.925,1.1212121212121213,-0.10000000000000009,0.975,0.9708333333333334,0.9772727272727273,0.05,0.025,0.1875,0.125
source,D4-FULL,noise,0.25,8501,0.55,0.9166666666666667,0.04999999999999993,0.55,0.7083333333333333,0.6484962406015038,0.4,0.45,0.75,0.4375
source,D4-FULL-F3,noise,0.25,8501,0.65,0.8125,0.15000000000000002,0.65,0.7833333333333333,0.7654553049289892,0.25,0.35,0.625,0.3125
source,M2/F2,noise,0.25,8502,0.575,1.0,0.0,0.575,0.7875,0.7419354838709677,0.0,0.425,0.75,0.0625
source,M2/F2T,noise,0.25,8502,0.925,1.1212121212121213,-0.10000000000000009,0.975,0.9708333333333334,0.9772296015180266,0.05,0.025,0.1875,0.125
source,D4-FULL,noise,0.25,8502,0.6,1.0,0.0,0.6,0.7375,0.6681818181818182,0.375,0.4,0.6875,0.375
source,D4-FULL-F3,noise,0.25,8502,0.65,0.8125,0.15000000000000002,0.65,0.7833333333333332,0.75,0.25,0.35,0.625,0.3125
source,M2/F2,noise,0.25,8503,0.55,0.9565217391304349,0.02499999999999991,0.55,0.775,0.7333333333333334,0.0,0.45,0.6875,0.0
source,M2/F2T,noise,0.25,8503,0.925,1.1212121212121213,-0.10000000000000009,0.975,0.9708333333333334,0.9772296015180266,0.05,0.025,0.1875,0.125
source,D4-FULL,noise,0.25,8503,0.55,0.9166666666666667,0.04999999999999993,0.55,0.7125,0.6522689665546808,0.375,0.45,0.6875,0.375
source,D4-FULL-F3,noise,0.25,8503,0.675,0.84375,0.125,0.675,0.7999999999999999,0.7788318505157774,0.225,0.325,0.5625,0.25
source,M2/F2,noise,0.25,8504,0.6,1.0434782608695652,-0.025000000000000022,0.6,0.8,0.75,0.0,0.4,0.6875,0.0
source,M2/F2T,noise,0.25,8504,0.95,1.1515151515151516,-0.125,1.0,0.9833333333333334,0.9852941176470589,0.05,0.0,0.0625,0.0
source,D4-FULL,noise,0.25,8504,0.5,0.8333333333333334,0.09999999999999998,0.5,0.6708333333333333,0.6200564971751412,0.475,0.5,0.6875,0.375
source,D4-FULL-F3,noise,0.25,8504,0.625,0.78125,0.17500000000000004,0.625,0.7583333333333334,0.7264400764400765,0.325,0.375,0.5,0.1875
source,M2/F2,noise,0.25,8505,0.575,1.0,0.0,0.575,0.7875,0.7419354838709677,0.0,0.425,0.625,-0.0625
source,M2/F2T,noise,0.25,8505,0.9,1.090909090909091,-0.07500000000000007,0.95,0.9583333333333334,0.969208211143695,0.05,0.05,0.0625,0.0
source,D4-FULL,noise,0.25,8505,0.55,0.9166666666666667,0.04999999999999993,0.55,0.7,0.6411070780399274,0.45,0.45,0.75,0.4375
source,D4-FULL-F3,noise,0.25,8505,0.6,0.7499999999999999,0.20000000000000007,0.6,0.75,0.707983193277311,0.3,0.4,0.75,0.4375
source,M2/F2,noise,0.25,8506,0.6,1.0434782608695652,-0.025000000000000022,0.6,0.8,0.7713472485768501,0.0,0.4,0.625,-0.0625
source,M2/F2T,noise,0.25,8506,0.9,1.090909090909091,-0.07500000000000007,0.95,0.9583333333333334,0.969208211143695,0.05,0.05,0.0625,0.0
source,D4-FULL,noise,0.25,8506,0.6,1.0,0.0,0.6,0.7375,0.6681818181818182,0.375,0.4,0.9375,0.625
source,D4-FULL-F3,noise,0.25,8506,0.625,0.78125,0.17500000000000004,0.625,0.7583333333333333,0.7087077582875903,0.325,0.375,0.875,0.5625
source,M2/F2,noise,0.25,8507,0.6,1.0434782608695652,-0.025000000000000022,0.6,0.8,0.75,0.0,0.4,0.5625,-0.125
source,M2/F2T,noise,0.25,8507,0.875,1.0606060606060606,-0.050000000000000044,0.925,0.9458333333333334,0.9606854838709677,0.05,0.075,0.0625,0.0
source,D4-FULL,noise,0.25,8507,0.525,0.8750000000000001,0.07499999999999996,0.525,0.6875,0.6325722273998136,0.45,0.475,0.75,0.4375
source,D4-FULL-F3,noise,0.25,8507,0.625,0.78125,0.17500000000000004,0.625,0.7625,0.7147137642935961,0.3,0.375,0.625,0.3125
source,M2/F2,noise,0.25,8508,0.575,1.0,0.0,0.575,0.7875,0.7419354838709677,0.0,0.425,0.6875,0.0
source,M2/F2T,noise,0.25,8508,0.875,1.0606060606060606,-0.050000000000000044,0.925,0.9458333333333334,0.9606060606060606,0.05,0.075,0.125,0.0625
source,D4-FULL,noise,0.25,8508,0.55,0.9166666666666667,0.04999999999999993,0.55,0.7083333333333333,0.6484962406015038,0.4,0.45,0.8125,0.5
source,D4-FULL-F3,noise,0.25,8508,0.675,0.84375,0.125,0.675,0.8,0.7907008086253369,0.225,0.325,0.75,0.4375
source,M2/F2,noise,0.25,8509,0.575,1.0,0.0,0.575,0.7875,0.7419354838709677,0.0,0.425,0.6875,0.0
source,M2/F2T,noise,0.25,8509,0.9,1.090909090909091,-0.07500000000000007,0.95,0.9583333333333334,0.969208211143695,0.05,0.05,0.1875,0.125
source,D4-FULL,noise,0.25,8509,0.575,0.9583333333333333,0.025000000000000022,0.575,0.7166666666666666,0.652834008097166,0.425,0.425,0.6875,0.375
source,D4-FULL-F3,noise,0.25,8509,0.65,0.8125,0.15000000000000002,0.65,0.7791666666666666,0.7448979591836735,0.275,0.35,0.625,0.3125
source,M2/F2,noise,0.25,8510,0.575,1.0,0.0,0.575,0.7875,0.7419354838709677,0.0,0.425,0.75,0.0625
source,M2/F2T,noise,0.25,8510,0.9,1.090909090909091,-0.07500000000000007,0.95,0.9583333333333334,0.969208211143695,0.05,0.05,0.0625,0.0
source,D4-FULL,noise,0.25,8510,0.575,0.9583333333333333,0.025000000000000022,0.575,0.7166666666666666,0.652834008097166,0.425,0.425,0.875,0.5625
source,D4-FULL-F3,noise,0.25,8510,0.575,0.7187499999999999,0.2250000000000001,0.575,0.7375,0.6826970022458745,0.3,0.425,0.6875,0.375
source,M2/F2,noise,0.5,8501,0.6,1.0434782608695652,-0.025000000000000022,0.6,0.8,0.7713472485768501,0.0,0.4,0.6875,0.0
source,M2/F2T,noise,0.5,8501,0.9,1.090909090909091,-0.07500000000000007,0.925,0.9541666666666668,0.9666666666666667,0.025,0.075,0.1875,0.125
source,D4-FULL,noise,0.5,8501,0.5,0.8333333333333334,0.09999999999999998,0.5,0.675,0.6232230823363829,0.45,0.5,0.8125,0.5
source,D4-FULL-F3,noise,0.5,8501,0.625,0.78125,0.17500000000000004,0.625,0.7666666666666666,0.7558791866028708,0.275,0.375,0.75,0.4375
source,M2/F2,noise,0.5,8502,0.6,1.0434782608695652,-0.025000000000000022,0.6,0.8,0.7713472485768501,0.0,0.4,0.8125,0.125
source,M2/F2T,noise,0.5,8502,0.875,1.0606060606060606,-0.050000000000000044,0.925,0.9458333333333334,0.9606060606060606,0.05,0.075,0.1875,0.125
source,D4-FULL,noise,0.5,8502,0.55,0.9166666666666667,0.04999999999999993,0.55,0.7083333333333333,0.6512374686716792,0.4,0.45,0.9375,0.625
source,D4-FULL-F3,noise,0.5,8502,0.625,0.78125,0.17500000000000004,0.625,0.7666666666666666,0.7395833333333334,0.275,0.375,0.875,0.5625
source,M2/F2,noise,0.5,8503,0.6,1.0434782608695652,-0.025000000000000022,0.625,0.8041666666666666,0.8071786609380593,0.025,0.375,0.5,-0.1875
source,M2/F2T,noise,0.5,8503,0.925,1.1212121212121213,-0.10000000000000009,0.975,0.9708333333333334,0.9772296015180266,0.05,0.025,0.125,0.0625
source,D4-FULL,noise,0.5,8503,0.5,0.8333333333333334,0.09999999999999998,0.5,0.6791666666666666,0.6295447232947233,0.425,0.5,0.75,0.4375
source,D4-FULL-F3,noise,0.5,8503,0.575,0.7187499999999999,0.2250000000000001,0.575,0.7333333333333332,0.7158585858585859,0.325,0.425,0.6875,0.375
source,M2/F2,noise,0.5,8504,0.575,1.0,0.0,0.575,0.7875,0.7419354838709677,0.0,0.425,0.6875,0.0
source,M2/F2T,noise,0.5,8504,0.9,1.090909090909091,-0.07500000000000007,0.95,0.9583333333333334,0.96875,0.05,0.05,0.0,-0.0625
source,D4-FULL,noise,0.5,8504,0.475,0.7916666666666666,0.125,0.475,0.6583333333333333,0.6105326876513317,0.475,0.525,0.8125,0.5
source,D4-FULL-F3,noise,0.5,8504,0.525,0.65625,0.275,0.525,0.6916666666666667,0.6756120527306968,0.425,0.475,0.75,0.4375
source,M2/F2,noise,0.5,8505,0.625,1.0869565217391306,-0.050000000000000044,0.625,0.8125,0.7794117647058824,0.0,0.375,0.5625,-0.125
source,M2/F2T,noise,0.5,8505,0.85,1.0303030303030303,-0.025000000000000022,0.9,0.9333333333333333,0.9516129032258065,0.05,0.1,0.0625,0.0
source,D4-FULL,noise,0.5,8505,0.45,0.75,0.14999999999999997,0.45,0.6375,0.5967261904761905,0.525,0.55,0.9375,0.625
source,D4-FULL-F3,noise,0.5,8505,0.5,0.625,0.30000000000000004,0.5,0.6833333333333333,0.639942860811505,0.4,0.5,0.9375,0.625
source,M2/F2,noise,0.5,8506,0.6,1.0434782608695652,-0.025000000000000022,0.6,0.8,0.7713472485768501,0.0,0.4,0.6875,0.0
source,M2/F2T,noise,0.5,8506,0.875,1.0606060606060606,-0.050000000000000044,0.925,0.9458333333333334,0.9606854838709677,0.05,0.075,0.0,-0.0625
source,D4-FULL,noise,0.5,8506,0.55,0.9166666666666667,0.04999999999999993,0.55,0.7125,0.6526262626262626,0.375,0.45,0.875,0.5625
source,D4-FULL-F3,noise,0.5,8506,0.6,0.7499999999999999,0.20000000000000007,0.6,0.7458333333333333,0.7211527035056446,0.325,0.4,0.875,0.5625
source,M2/F2,noise,0.5,8507,0.575,1.0,0.0,0.575,0.7875,0.7419354838709677,0.0,0.425,0.3125,-0.375
source,M2/F2T,noise,0.5,8507,0.825,1.0,0.0,0.85,0.9166666666666666,0.9402298850574713,0.025,0.15,0.0625,0.0
source,D4-FULL,noise,0.5,8507,0.55,0.9166666666666667,0.04999999999999993,0.55,0.7083333333333334,0.6691509937308258,0.4,0.45,0.8125,0.5
source,D4-FULL-F3,noise,0.5,8507,0.6,0.7499999999999999,0.20000000000000007,0.6,0.7458333333333333,0.7351007388601374,0.325,0.4,0.75,0.4375
source,M2/F2,noise,0.5,8508,0.575,1.0,0.0,0.575,0.7875,0.7627450980392156,0.0,0.425,0.5,-0.1875
source,M2/F2T,noise,0.5,8508,0.85,1.0303030303030303,-0.025000000000000022,0.9,0.9333333333333332,0.9520833333333334,0.05,0.1,0.1875,0.125
source,D4-FULL,noise,0.5,8508,0.5,0.8333333333333334,0.09999999999999998,0.5,0.6708333333333333,0.6226300343669151,0.475,0.5,0.875,0.5625
source,D4-FULL-F3,noise,0.5,8508,0.625,0.78125,0.17500000000000004,0.625,0.7708333333333333,0.7739267676767677,0.25,0.375,0.875,0.5625
source,M2/F2,noise,0.5,8509,0.575,1.0,0.0,0.575,0.7875,0.7419354838709677,0.0,0.425,0.6875,0.0
source,M2/F2T,noise,0.5,8509,0.9,1.090909090909091,-0.07500000000000007,0.95,0.9583333333333334,0.969208211143695,0.05,0.05,0.1875,0.125
source,D4-FULL,noise,0.5,8509,0.525,0.8750000000000001,0.07499999999999996,0.525,0.6916666666666667,0.6375087966220971,0.425,0.475,0.75,0.4375
source,D4-FULL-F3,noise,0.5,8509,0.55,0.6875,0.25,0.55,0.7125,0.6794333164300203,0.375,0.45,0.6875,0.375
source,M2/F2,noise,0.5,8510,0.575,1.0,0.0,0.575,0.7875,0.7627450980392156,0.0,0.425,0.6875,0.0
source,M2/F2T,noise,0.5,8510,0.85,1.0303030303030303,-0.025000000000000022,0.9,0.9333333333333333,0.9516129032258065,0.05,0.1,0.0625,0.0
source,D4-FULL,noise,0.5,8510,0.55,0.9166666666666667,0.04999999999999993,0.55,0.7,0.6409837000970006,0.45,0.45,0.875,0.5625
source,D4-FULL-F3,noise,0.5,8510,0.55,0.6875,0.25,0.55,0.7208333333333333,0.6705445109078114,0.325,0.45,0.75,0.4375
target,M2/F2,noise,0.1,8601,0.6,1.0,0.0,0.6,0.75,0.6642857142857143,0.2,0.4,0.9166666666666666,0.0
target,M2/F2T,noise,0.1,8601,0.2,1.0,0.0,1.0,0.6555555555555556,0.7531328320802005,0.8,0.0,0.6666666666666666,0.0
target,D4-FULL,noise,0.1,8601,0.6,1.0,0.0,0.6,0.711111111111111,0.6370798319327731,0.4,0.4,0.75,0.16666666666666663
target,D4-FULL-F3,noise,0.1,8601,0.6,1.0,0.0,0.6,0.7388888888888888,0.6711822660098522,0.36666666666666664,0.4,0.6666666666666666,0.16666666666666663
target,M2/F2,noise,0.1,8602,0.6,1.0,0.0,0.6,0.75,0.6642857142857143,0.2,0.4,0.9166666666666666,0.0
target,M2/F2T,noise,0.1,8602,0.2,1.0,0.0,1.0,0.6555555555555556,0.7531328320802005,0.8,0.0,0.5833333333333334,-0.08333333333333326
target,D4-FULL,noise,0.1,8602,0.5666666666666667,0.9444444444444444,0.033333333333333326,0.5666666666666667,0.6777777777777776,0.6095063025210083,0.43333333333333335,0.43333333333333335,0.6666666666666666,0.08333333333333326
target,D4-FULL-F3,noise,0.1,8602,0.5666666666666667,0.9444444444444444,0.033333333333333326,0.5666666666666667,0.6888888888888887,0.6233766233766234,0.43333333333333335,0.43333333333333335,0.6666666666666666,0.16666666666666663
target,M2/F2,noise,0.1,8603,0.6,1.0,0.0,0.6,0.75,0.6642857142857143,0.2,0.4,1.0,0.08333333333333337
target,M2/F2T,noise,0.1,8603,0.2,1.0,0.0,1.0,0.65,0.7490842490842491,0.8,0.0,0.5833333333333334,-0.08333333333333326
target,D4-FULL,noise,0.1,8603,0.5666666666666667,0.9444444444444444,0.033333333333333326,0.5666666666666667,0.6777777777777776,0.6084500528541226,0.43333333333333335,0.43333333333333335,0.6666666666666666,0.08333333333333326
target,D4-FULL-F3,noise,0.1,8603,0.6,1.0,0.0,0.6,0.7222222222222221,0.6506912442396313,0.4,0.4,0.5,0.0
target,M2/F2,noise,0.1,8604,0.6,1.0,0.0,0.6,0.75,0.6642857142857143,0.2,0.4,0.9166666666666666,0.0
target,M2/F2T,noise,0.1,8604,0.2,1.0,0.0,1.0,0.6611111111111112,0.7574002574002574,0.8,0.0,0.75,0.08333333333333337
target,D4-FULL,noise,0.1,8604,0.6,1.0,0.0,0.6,0.7111111111111109,0.6370798319327731,0.4,0.4,0.5833333333333334,0.0
target,D4-FULL-F3,noise,0.1,8604,0.6,1.0,0.0,0.6,0.7222222222222221,0.649579831932773,0.3333333333333333,0.4,0.5833333333333334,0.08333333333333337
target,M2/F2,noise,0.1,8605,0.6,1.0,0.0,0.6,0.75,0.6642857142857143,0.2,0.4,0.9166666666666666,0.0
target,M2/F2T,noise,0.1,8605,0.2,1.0,0.0,1.0,0.6555555555555556,0.7531328320802005,0.8,0.0,0.8333333333333334,0.16666666666666674
target,D4-FULL,noise,0.1,8605,0.6,1.0,0.0,0.6,0.6999999999999998,0.6233766233766234,0.4,0.4,0.6666666666666666,0.08333333333333326
target,D4-FULL-F3,noise,0.1,8605,0.6,1.0,0.0,0.6,0.711111111111111,0.6370798319327731,0.4,0.4,0.5,0.0
target,M2/F2,noise,0.1,8606,0.6,1.0,0.0,0.6,0.75,0.6642857142857143,0.2,0.4,0.8333333333333334,-0.08333333333333326
target,M2/F2T,noise,0.1,8606,0.2,1.0,0.0,1.0,0.6611111111111112,0.7574002574002574,0.8,0.0,0.5833333333333334,-0.08333333333333326
target,D4-FULL,noise,0.1,8606,0.6,1.0,0.0,0.6,0.6888888888888888,0.6095063025210083,0.4,0.4,0.75,0.16666666666666663
target,D4-FULL-F3,noise,0.1,8606,0.6,1.0,0.0,0.6,0.6999999999999998,0.6233766233766234,0.4,0.4,0.5833333333333334,0.08333333333333337
target,M2/F2,noise,0.1,8607,0.6,1.0,0.0,0.6,0.75,0.6642857142857143,0.2,0.4,0.9166666666666666,0.0
target,M2/F2T,noise,0.1,8607,0.2,1.0,0.0,1.0,0.6611111111111111,0.7574002574002574,0.8,0.0,0.5833333333333334,-0.08333333333333326
target,D4-FULL,noise,0.1,8607,0.6,1.0,0.0,0.6,0.6999999999999998,0.6233766233766234,0.4,0.4,0.5833333333333334,0.0
target,D4-FULL-F3,noise,0.1,8607,0.6,1.0,0.0,0.6,0.7222222222222221,0.6571428571428571,0.4,0.4,0.5,0.0
target,M2/F2,noise,0.1,8608,0.6,1.0,0.0,0.6,0.75,0.6642857142857143,0.2,0.4,0.8333333333333334,-0.08333333333333326
target,M2/F2T,noise,0.1,8608,0.2,1.0,0.0,1.0,0.6555555555555556,0.7531328320802005,0.8,0.0,0.5,-0.16666666666666663
target,D4-FULL,noise,0.1,8608,0.6,1.0,0.0,0.6,0.6999999999999998,0.6233766233766234,0.4,0.4,0.5833333333333334,0.0
target,D4-FULL-F3,noise,0.1,8608,0.6,1.0,0.0,0.6,0.711111111111111,0.6370798319327731,0.4,0.4,0.5,0.0
target,M2/F2,noise,0.1,8609,0.6,1.0,0.0,0.6,0.75,0.6642857142857143,0.2,0.4,0.9166666666666666,0.0
target,M2/F2T,noise,0.1,8609,0.2,1.0,0.0,1.0,0.6555555555555556,0.7531328320802005,0.8,0.0,0.5833333333333334,-0.08333333333333326
target,D4-FULL,noise,0.1,8609,0.6,1.0,0.0,0.6,0.7222222222222221,0.6506912442396313,0.4,0.4,0.8333333333333334,0.25
target,D4-FULL-F3,noise,0.1,8609,0.6,1.0,0.0,0.6,0.7222222222222221,0.6506912442396313,0.4,0.4,0.75,0.25
target,M2/F2,noise,0.1,8610,0.6,1.0,0.0,0.6,0.75,0.6642857142857143,0.2,0.4,0.8333333333333334,-0.08333333333333326
target,M2/F2T,noise,0.1,8610,0.2,1.0,0.0,1.0,0.6611111111111111,0.7574002574002574,0.8,0.0,0.75,0.08333333333333337
target,D4-FULL,noise,0.1,8610,0.6,1.0,0.0,0.6,0.711111111111111,0.6370798319327731,0.4,0.4,0.6666666666666666,0.08333333333333326
target,D4-FULL-F3,noise,0.1,8610,0.6,1.0,0.0,0.6,0.711111111111111,0.6431282190295473,0.4,0.4,0.5833333333333334,0.08333333333333337
target,M2/F2,noise,0.25,8601,0.6,1.0,0.0,0.6,0.75,0.6642857142857143,0.2,0.4,0.75,-0.16666666666666663
target,M2/F2T,noise,0.25,8601,0.2,1.0,0.0,1.0,0.6555555555555556,0.7531328320802005,0.8,0.0,0.6666666666666666,0.0
target,D4-FULL,noise,0.25,8601,0.5666666666666667,0.9444444444444444,0.033333333333333326,0.5666666666666667,0.6777777777777777,0.6084500528541226,0.43333333333333335,0.43333333333333335,0.9166666666666666,0.33333333333333326
target,D4-FULL-F3,noise,0.25,8601,0.6,1.0,0.0,0.6,0.7277777777777777,0.656476383656911,0.3,0.4,0.8333333333333334,0.33333333333333337
target,M2/F2,noise,0.25,8602,0.6,1.0,0.0,0.6,0.75,0.6642857142857143,0.2,0.4,0.8333333333333334,-0.08333333333333326
target,M2/F2T,noise,0.25,8602,0.2,1.0,0.0,1.0,0.6555555555555556,0.7531328320802005,0.8,0.0,0.5833333333333334,-0.08333333333333326
target,D4-FULL,noise,0.25,8602,0.4666666666666667,0.7777777777777778,0.1333333333333333,0.4666666666666667,0.611111111111111,0.5661030488616696,0.5333333333333333,0.5333333333333333,0.9166666666666666,0.33333333333333326
target,D4-FULL-F3,noise,0.25,8602,0.4666666666666667,0.7777777777777778,0.1333333333333333,0.4666666666666667,0.6333333333333332,0.5953341013824884,0.4666666666666667,0.5333333333333333,0.9166666666666666,0.41666666666666663
target,M2/F2,noise,0.25,8603,0.6,1.0,0.0,0.6,0.75,0.6642857142857143,0.2,0.4,0.9166666666666666,0.0
target,M2/F2T,noise,0.25,8603,0.2,1.0,0.0,1.0,0.65,0.7490842490842491,0.8,0.0,0.6666666666666666,0.0
target,D4-FULL,noise,0.25,8603,0.4666666666666667,0.7777777777777778,0.1333333333333333,0.4666666666666667,0.6,0.5496089931573802,0.5333333333333333,0.5333333333333333,0.8333333333333334,0.25
target,D4-FULL-F3,noise,0.25,8603,0.5333333333333333,0.888888888888889,0.06666666666666665,0.5333333333333333,0.65,0.5957606589147287,0.43333333333333335,0.4666666666666667,0.6666666666666666,0.16666666666666663
target,M2/F2,noise,0.25,8604,0.6,1.0,0.0,0.6,0.75,0.6642857142857143,0.2,0.4,0.9166666666666666,0.0
target,M2/F2T,noise,0.25,8604,0.2,1.0,0.0,1.0,0.6611111111111112,0.7574002574002574,0.8,0.0,0.75,0.08333333333333337
target,D4-FULL,noise,0.25,8604,0.5333333333333333,0.888888888888889,0.06666666666666665,0.5333333333333333,0.6777777777777776,0.6220157980671639,0.4666666666666667,0.4666666666666667,0.6666666666666666,0.08333333333333326
target,D4-FULL-F3,noise,0.25,8604,0.5666666666666667,0.9444444444444444,0.033333333333333326,0.5666666666666667,0.6944444444444444,0.6285714285714286,0.4,0.43333333333333335,0.75,0.25
target,M2/F2,noise,0.25,8605,0.6,1.0,0.0,0.6,0.75,0.6642857142857143,0.2,0.4,1.0,0.08333333333333337
target,M2/F2T,noise,0.25,8605,0.2,1.0,0.0,1.0,0.65,0.7490842490842491,0.8,0.0,0.6666666666666666,0.0
target,D4-FULL,noise,0.25,8605,0.5666666666666667,0.9444444444444444,0.033333333333333326,0.5666666666666667,0.6777777777777777,0.6095063025210083,0.43333333333333335,0.43333333333333335,1.0,0.41666666666666663
target,D4-FULL-F3,noise,0.25,8605,0.5666666666666667,0.9444444444444444,0.033333333333333326,0.5666666666666667,0.6944444444444444,0.6265841013824884,0.3333333333333333,0.43333333333333335,0.8333333333333334,0.33333333333333337
target,M2/F2,noise,0.25,8606,0.6,1.0,0.0,0.6,0.75,0.6642857142857143,0.2,0.4,0.6666666666666666,-0.25
target,M2/F2T,noise,0.25,8606,0.2,1.0,0.0,1.0,0.6611111111111112,0.7574002574002574,0.8,0.0,0.6666666666666666,0.0
target,D4-FULL,noise,0.25,8606,0.5,0.8333333333333334,0.09999999999999998,0.5,0.6222222222222221,0.5664451827242525,0.5,0.5,0.9166666666666666,0.33333333333333326
target,D4-FULL-F3,noise,0.25,8606,0.5333333333333333,0.888888888888889,0.06666666666666665,0.5333333333333333,0.6555555555555554,0.596103896103896,0.4,0.4666666666666667,0.9166666666666666,0.41666666666666663
target,M2/F2,noise,0.25,8607,0.6,1.0,0.0,0.6,0.75,0.6642857142857143,0.2,0.4,0.75,-0.16666666666666663
target,M2/F2T,noise,0.25,8607,0.2,1.0,0.0,1.0,0.65,0.7490842490842491,0.8,0.0,0.5833333333333334,-0.08333333333333326
target,D4-FULL,noise,0.25,8607,0.5333333333333333,0.888888888888889,0.06666666666666665,0.5333333333333333,0.6555555555555554,0.5932985377026074,0.4666666666666667,0.4666666666666667,0.5833333333333334,0.0
target,D4-FULL-F3,noise,0.25,8607,0.5666666666666667,0.9444444444444444,0.033333333333333326,0.5666666666666667,0.6833333333333332,0.6333034781310644,0.4,0.43333333333333335,0.5833333333333334,0.08333333333333337
target,M2/F2,noise,0.25,8608,0.6,1.0,0.0,0.6,0.75,0.6642857142857143,0.2,0.4,0.8333333333333334,-0.08333333333333326
target,M2/F2T,noise,0.25,8608,0.2,1.0,0.0,1.0,0.6555555555555556,0.7531328320802005,0.8,0.0,0.6666666666666666,0.0
target,D4-FULL,noise,0.25,8608,0.4666666666666667,0.7777777777777778,0.1333333333333333,0.4666666666666667,0.6,0.5503024193548387,0.5333333333333333,0.5333333333333333,0.8333333333333334,0.25
target,D4-FULL-F3,noise,0.25,8608,0.5333333333333333,0.888888888888889,0.06666666666666665,0.5333333333333333,0.6611111111111111,0.5999273255813953,0.43333333333333335,0.4666666666666667,0.6666666666666666,0.16666666666666663
target,M2/F2,noise,0.25,8609,0.6,1.0,0.0,0.6,0.75,0.6642857142857143,0.2,0.4,0.9166666666666666,0.0
target,M2/F2T,noise,0.25,8609,0.2,1.0,0.0,1.0,0.6555555555555556,0.7531328320802005,0.8,0.0,0.6666666666666666,0.0
target,D4-FULL,noise,0.25,8609,0.5333333333333333,0.888888888888889,0.06666666666666665,0.5333333333333333,0.6666666666666665,0.6095063025210083,0.4666666666666667,0.4666666666666667,0.9166666666666666,0.33333333333333326
target,D4-FULL-F3,noise,0.25,8609,0.5333333333333333,0.888888888888889,0.06666666666666665,0.5333333333333333,0.6722222222222222,0.6148538961038961,0.43333333333333335,0.4666666666666667,0.8333333333333334,0.33333333333333337
target,M2/F2,noise,0.25,8610,0.6,1.0,0.0,0.6,0.75,0.6642857142857143,0.2,0.4,0.75,-0.16666666666666663
target,M2/F2T,noise,0.25,8610,0.2,1.0,0.0,1.0,0.6555555555555556,0.7531328320802005,0.8,0.0,0.75,0.08333333333333337
target,D4-FULL,noise,0.25,8610,0.5333333333333333,0.888888888888889,0.06666666666666665,0.5333333333333333,0.6666666666666665,0.6084500528541226,0.4666666666666667,0.4666666666666667,0.8333333333333334,0.25
target,D4-FULL-F3,noise,0.25,8610,0.5333333333333333,0.888888888888889,0.06666666666666665,0.5333333333333333,0.6777777777777776,0.6264069264069264,0.4,0.4666666666666667,0.75,0.25
target,M2/F2,noise,0.5,8601,0.5666666666666667,0.9444444444444444,0.033333333333333326,0.6,0.7388888888888888,0.6578341013824884,0.23333333333333334,0.4,0.75,-0.16666666666666663
target,M2/F2T,noise,0.5,8601,0.2,1.0,0.0,1.0,0.65,0.7481494433758815,0.8,0.0,0.75,0.08333333333333337
target,D4-FULL,noise,0.5,8601,0.4,0.6666666666666667,0.19999999999999996,0.4,0.5666666666666667,0.5321105072463769,0.6,0.6,0.9166666666666666,0.33333333333333326
target,D4-FULL-F3,noise,0.5,8601,0.5,0.8333333333333334,0.09999999999999998,0.5,0.6666666666666665,0.6244808970099668,0.36666666666666664,0.5,0.9166666666666666,0.41666666666666663
target,M2/F2,noise,0.5,8602,0.5666666666666667,0.9444444444444444,0.033333333333333326,0.6,0.7388888888888888,0.6578341013824884,0.23333333333333334,0.4,0.75,-0.16666666666666663
target,M2/F2T,noise,0.5,8602,0.2,1.0,0.0,1.0,0.6555555555555556,0.7524168686959385,0.8,0.0,0.5833333333333334,-0.08333333333333326
target,D4-FULL,noise,0.5,8602,0.43333333333333335,0.7222222222222223,0.16666666666666663,0.43333333333333335,0.5888888888888888,0.5497785160575859,0.5666666666666667,0.5666666666666667,0.9166666666666666,0.33333333333333326
target,D4-FULL-F3,noise,0.5,8602,0.4666666666666667,0.7777777777777778,0.1333333333333333,0.4666666666666667,0.6388888888888887,0.6017857142857143,0.43333333333333335,0.5333333333333333,0.9166666666666666,0.41666666666666663
target,M2/F2,noise,0.5,8603,0.5666666666666667,0.9444444444444444,0.033333333333333326,0.6,0.7388888888888888,0.6578341013824884,0.23333333333333334,0.4,0.9166666666666666,0.0
target,M2/F2T,noise,0.5,8603,0.2,1.0,0.0,1.0,0.6555555555555556,0.7531328320802005,0.8,0.0,0.6666666666666666,0.0
target,D4-FULL,noise,0.5,8603,0.4,0.6666666666666667,0.19999999999999996,0.4,0.5555555555555556,0.5196969696969698,0.6,0.6,0.9166666666666666,0.33333333333333326
target,D4-FULL-F3,noise,0.5,8603,0.4666666666666667,0.7777777777777778,0.1333333333333333,0.4666666666666667,0.6,0.5602925809822361,0.4666666666666667,0.5333333333333333,0.8333333333333334,0.33333333333333337
target,M2/F2,noise,0.5,8604,0.5666666666666667,0.9444444444444444,0.033333333333333326,0.6,0.7388888888888888,0.6578341013824884,0.23333333333333334,0.4,0.9166666666666666,0.0
target,M2/F2T,noise,0.5,8604,0.2,1.0,0.0,1.0,0.6555555555555556,0.7524168686959385,0.8,0.0,0.75,0.08333333333333337
target,D4-FULL,noise,0.5,8604,0.43333333333333335,0.7222222222222223,0.16666666666666663,0.43333333333333335,0.5999999999999999,0.560427807486631,0.5666666666666667,0.5666666666666667,0.8333333333333334,0.25
target,D4-FULL-F3,noise,0.5,8604,0.5,0.8333333333333334,0.09999999999999998,0.5,0.6388888888888888,0.5828416005900793,0.4666666666666667,0.5,0.8333333333333334,0.33333333333333337
target,M2/F2,noise,0.5,8605,0.6,1.0,0.0,0.6,0.75,0.6642857142857143,0.2,0.4,0.8333333333333334,-0.08333333333333326
target,M2/F2T,noise,0.5,8605,0.2,1.0,0.0,1.0,0.638888888888889,0.7402547065337763,0.8,0.0,0.75,0.08333333333333337
target,D4-FULL,noise,0.5,8605,0.36666666666666664,0.611111111111111,0.23333333333333334,0.36666666666666664,0.5333333333333333,0.5071428571428572,0.6333333333333333,0.6333333333333333,1.0,0.41666666666666663
target,D4-FULL-F3,noise,0.5,8605,0.4666666666666667,0.7777777777777778,0.1333333333333333,0.4666666666666667,0.611111111111111,0.5631700956244566,0.4666666666666667,0.5333333333333333,0.9166666666666666,0.41666666666666663
target,M2/F2,noise,0.5,8606,0.6,1.0,0.0,0.6,0.75,0.6642857142857143,0.2,0.4,0.6666666666666666,-0.25
target,M2/F2T,noise,0.5,8606,0.2,1.0,0.0,1.0,0.6611111111111112,0.7574002574002574,0.8,0.0,0.75,0.08333333333333337
target,D4-FULL,noise,0.5,8606,0.36666666666666664,0.611111111111111,0.23333333333333334,0.36666666666666664,0.5333333333333333,0.5024193548387097,0.6333333333333333,0.6333333333333333,1.0,0.41666666666666663
target,D4-FULL-F3,noise,0.5,8606,0.43333333333333335,0.7222222222222223,0.16666666666666663,0.43333333333333335,0.5944444444444443,0.5549918831168831,0.4666666666666667,0.5666666666666667,1.0,0.5
target,M2/F2,noise,0.5,8607,0.5333333333333333,0.888888888888889,0.06666666666666665,0.6,0.7277777777777777,0.6517857142857142,0.26666666666666666,0.4,0.8333333333333334,-0.08333333333333326
target,M2/F2T,noise,0.5,8607,0.2,1.0,0.0,1.0,0.65,0.7490842490842491,0.8,0.0,0.5833333333333334,-0.08333333333333326
target,D4-FULL,noise,0.5,8607,0.5,0.8333333333333334,0.09999999999999998,0.5,0.6333333333333333,0.5770944741532977,0.5,0.5,0.8333333333333334,0.25
target,D4-FULL-F3,noise,0.5,8607,0.5333333333333333,0.888888888888889,0.06666666666666665,0.5333333333333333,0.661111111111111,0.6178521091311789,0.43333333333333335,0.4666666666666667,0.75,0.25
target,M2/F2,noise,0.5,8608,0.5666666666666667,0.9444444444444444,0.033333333333333326,0.6,0.7388888888888889,0.6578341013824884,0.23333333333333334,0.4,0.9166666666666666,0.0
target,M2/F2T,noise,0.5,8608,0.2,1.0,0.0,1.0,0.65,0.7490842490842491,0.8,0.0,0.6666666666666666,0.0
target,D4-FULL,noise,0.5,8608,0.4666666666666667,0.7777777777777778,0.1333333333333333,0.4666666666666667,0.6,0.5496089931573802,0.5333333333333333,0.5333333333333333,0.8333333333333334,0.25
target,D4-FULL-F3,noise,0.5,8608,0.4666666666666667,0.7777777777777778,0.1333333333333333,0.4666666666666667,0.6,0.5593841642228738,0.5333333333333333,0.5333333333333333,0.8333333333333334,0.33333333333333337
target,M2/F2,noise,0.5,8609,0.5666666666666667,0.9444444444444444,0.033333333333333326,0.6,0.7388888888888889,0.6578341013824884,0.23333333333333334,0.4,0.9166666666666666,0.0
target,M2/F2T,noise,0.5,8609,0.2,1.0,0.0,1.0,0.6611111111111111,0.7574002574002574,0.8,0.0,0.6666666666666666,0.0
target,D4-FULL,noise,0.5,8609,0.4666666666666667,0.7777777777777778,0.1333333333333333,0.4666666666666667,0.6222222222222222,0.5776735377026074,0.5333333333333333,0.5333333333333333,0.9166666666666666,0.33333333333333326
target,D4-FULL-F3,noise,0.5,8609,0.5333333333333333,0.888888888888889,0.06666666666666665,0.5333333333333333,0.6722222222222222,0.6148538961038961,0.43333333333333335,0.4666666666666667,0.8333333333333334,0.33333333333333337
target,M2/F2,noise,0.5,8610,0.5666666666666667,0.9444444444444444,0.033333333333333326,0.6,0.7388888888888888,0.6578341013824884,0.23333333333333334,0.4,0.8333333333333334,-0.08333333333333326
target,M2/F2T,noise,0.5,8610,0.2,1.0,0.0,1.0,0.6444444444444444,0.7441008603799302,0.8,0.0,0.8333333333333334,0.16666666666666674
target,D4-FULL,noise,0.5,8610,0.4,0.6666666666666667,0.19999999999999996,0.4,0.5777777777777777,0.5482862903225807,0.6,0.6,0.9166666666666666,0.33333333333333326
target,D4-FULL-F3,noise,0.5,8610,0.4666666666666667,0.7777777777777778,0.1333333333333333,0.4666666666666667,0.6388888888888888,0.6020824979951884,0.43333333333333335,0.5333333333333333,0.8333333333333334,0.33333333333333337
