domain,method,compound_pair,clean_exact,50pct_missingness_exact,25pct_temporal_sampling_exact,50pct_noise_exact,5_request_delay_exact,most_damaging_channel_loss_exact
source,M2/F2,INPUT_LOAD,0.0,0.1875,0.0,0.0,0.0,0.0
source,M2/F2,INPUT_DOWNSTREAM,0.0,0.075,0.0,0.1125,0.0,0.0
source,M2/F2,OUTPUT_LOAD,0.875,0.25,0.875,0.85,0.875,0.0
source,M2/F2,OUTPUT_DOWNSTREAM,1.0,0.4125,1.0,0.9875,1.0,0.0
source,M2/F2,LOAD_DOWNSTREAM,1.0,0.4875,1.0,1.0,1.0,0.0
source,M2/F2T,INPUT_LOAD,1.0,0.475,0.65,0.95,0.0,0.0
source,M2/F2T,INPUT_DOWNSTREAM,0.625,0.5125,0.8,0.7875,0.625,0.0
source,M2/F2T,OUTPUT_LOAD,0.5,0.2,0.2875,0.6375,0.875,0.0
source,M2/F2T,OUTPUT_DOWNSTREAM,1.0,0.6,1.0,1.0,1.0,1.0
source,M2/F2T,LOAD_DOWNSTREAM,1.0,0.475,0.5375,1.0,1.0,0.0
source,D4-FULL,INPUT_LOAD,0.0,0.0,0.0,0.0,0.0,0.0
source,D4-FULL,INPUT_DOWNSTREAM,0.0,0.0,0.0,0.0125,0.0,0.0
source,D4-FULL,OUTPUT_LOAD,1.0,0.875,1.0,0.975,1.0,0.875
source,D4-FULL,OUTPUT_DOWNSTREAM,1.0,0.85,1.0,0.625,1.0,0.0
source,D4-FULL,LOAD_DOWNSTREAM,1.0,0.95,0.9875,0.9625,1.0,0.0
source,D4-FULL-F3,INPUT_LOAD,0.0,0.0,0.0,0.0,0.0,0.0
source,D4-FULL-F3,INPUT_DOWNSTREAM,1.0,0.5625,0.8125,0.2375,1.0,0.0
source,D4-FULL-F3,OUTPUT_LOAD,1.0,0.9375,1.0,0.9875,1.0,1.0
source,D4-FULL-F3,OUTPUT_DOWNSTREAM,1.0,0.9125,1.0,0.7,1.0,0.0
source,D4-FULL-F3,LOAD_DOWNSTREAM,1.0,0.95,0.9875,0.9625,1.0,0.0
target,M2/F2,INPUT_LOAD,0.0,0.15,0.0,0.0,0.0,0.0
target,M2/F2,INPUT_DOWNSTREAM,0.0,0.0,0.0,0.0,0.0,0.0
target,M2/F2,OUTPUT_LOAD,1.0,0.35,1.0,1.0,1.0,0.0
target,M2/F2,OUTPUT_DOWNSTREAM,1.0,0.3833333333333333,1.0,1.0,1.0,0.0
target,M2/F2,LOAD_DOWNSTREAM,1.0,0.2,1.0,0.85,1.0,0.0
target,M2/F2T,INPUT_LOAD,0.0,0.19999999999999998,0.0,0.0,0.0,0.0
target,M2/F2T,INPUT_DOWNSTREAM,0.0,0.0,0.0,0.0,0.0,0.0
target,M2/F2T,OUTPUT_LOAD,0.0,0.08333333333333333,0.2833333333333333,0.0,1.0,0.0
target,M2/F2T,OUTPUT_DOWNSTREAM,1.0,0.6166666666666667,1.0,1.0,1.0,0.8333333333333334
target,M2/F2T,LOAD_DOWNSTREAM,0.0,0.13333333333333333,0.16666666666666669,0.0,0.5,0.0
target,D4-FULL,INPUT_LOAD,0.0,0.0,0.0,0.0,0.0,0.0
target,D4-FULL,INPUT_DOWNSTREAM,0.0,0.0,0.0,0.0,0.0,0.0
target,D4-FULL,OUTPUT_LOAD,1.0,0.8833333333333332,1.0,0.95,1.0,1.0
target,D4-FULL,OUTPUT_DOWNSTREAM,1.0,0.8166666666666667,0.9666666666666668,0.5999999999999999,1.0,0.0
target,D4-FULL,LOAD_DOWNSTREAM,1.0,0.8666666666666668,0.8166666666666668,0.5666666666666667,1.0,0.0
target,D4-FULL-F3,INPUT_LOAD,0.0,0.0,0.0,0.0,0.0,0.0
target,D4-FULL-F3,INPUT_DOWNSTREAM,0.0,0.0,0.0,0.0,0.0,0.0
target,D4-FULL-F3,OUTPUT_LOAD,1.0,0.9333333333333333,1.0,1.0,1.0,1.0
target,D4-FULL-F3,OUTPUT_DOWNSTREAM,1.0,0.9333333333333333,1.0,0.8166666666666668,1.0,0.0
target,D4-FULL-F3,LOAD_DOWNSTREAM,1.0,0.8333333333333334,0.8166666666666668,0.6,1.0,0.0
