domain,method,degradation_family,robustness_auc
source,M2/F2,missingness,0.45275
source,M2/F2T,missingness,0.658125
source,D4-FULL,missingness,0.5797499999999999
source,D4-FULL-F3,missingness,0.7444999999999999
target,M2/F2,missingness,0.3598333333333334
target,M2/F2T,missingness,0.23716666666666664
target,D4-FULL,missingness,0.5721666666666665
target,D4-FULL-F3,missingness,0.5823333333333333
source,M2/F2,temporal_sampling,0.575
source,M2/F2T,temporal_sampling,0.7116666666666666
source,D4-FULL,temporal_sampling,0.5995833333333332
source,D4-FULL-F3,temporal_sampling,0.775
target,M2/F2,temporal_sampling,0.5999999999999999
target,M2/F2T,temporal_sampling,0.29277777777777775
target,D4-FULL,temporal_sampling,0.5861111111111109
target,D4-FULL-F3,temporal_sampling,0.5872222222222221
source,M2/F2,noise,0.5817499999999999
source,M2/F2T,noise,0.898
source,D4-FULL,noise,0.56175
source,D4-FULL-F3,noise,0.647125
target,M2/F2,noise,0.5924999999999999
target,M2/F2T,noise,0.2
target,D4-FULL,noise,0.5208333333333333
target,D4-FULL-F3,noise,0.5473333333333332
source,M2/F2,delay,0.575
source,M2/F2T,delay,0.71
source,D4-FULL,delay,0.6
source,D4-FULL-F3,delay,0.8
target,M2/F2,delay,0.6
target,M2/F2T,delay,0.3933333333333333
target,D4-FULL,delay,0.6
target,D4-FULL-F3,delay,0.6
