method,degradation_family,source_auc,target_auc,target_minus_source_auc
D4-FULL,delay,0.6,0.6,0.0
D4-FULL,missingness,0.5797499999999999,0.5721666666666665,-0.007583333333333386
D4-FULL,noise,0.56175,0.5208333333333333,-0.04091666666666671
D4-FULL,temporal_sampling,0.5995833333333332,0.5861111111111109,-0.01347222222222233
D4-FULL-F3,delay,0.8,0.6,-0.20000000000000007
D4-FULL-F3,missingness,0.7444999999999999,0.5823333333333333,-0.16216666666666668
D4-FULL-F3,noise,0.647125,0.5473333333333332,-0.09979166666666672
D4-FULL-F3,temporal_sampling,0.775,0.5872222222222221,-0.18777777777777793
M2/F2,delay,0.575,0.6,0.025000000000000022
M2/F2,missingness,0.45275,0.3598333333333334,-0.09291666666666659
M2/F2,noise,0.5817499999999999,0.5924999999999999,0.010750000000000037
M2/F2,temporal_sampling,0.575,0.5999999999999999,0.02499999999999991
M2/F2T,delay,0.71,0.3933333333333333,-0.31666666666666665
M2/F2T,missingness,0.658125,0.23716666666666664,-0.4209583333333333
M2/F2T,noise,0.898,0.2,-0.698
M2/F2T,temporal_sampling,0.7116666666666666,0.29277777777777775,-0.4188888888888888
