domain,method,degradation_family,severity,compound_exact,compound_exact_sd,compound_exact_min,compound_exact_max,compound_exact_ci95_low,compound_exact_ci95_high,retention,complete_cause_recall,jaccard,macro_f1,control_false_alarm_rate
source,D4-FULL,missingness,0.1,0.5999999999999999,1.1702778228589004e-16,0.6,0.6,0.5999999999999998,0.6,0.9999999999999998,0.5999999999999999,0.7554166666666665,0.6867431895835259,0.45
source,D4-FULL,missingness,0.25,0.5899999999999999,0.017480147469502515,0.55,0.6,0.5774954557903056,0.6025045442096941,0.9833333333333332,0.5899999999999999,0.7529166666666666,0.686552982326534,0.5125
source,D4-FULL,missingness,0.5,0.5349999999999999,0.039440531887330765,0.475,0.6,0.5067859431392416,0.5632140568607582,0.8916666666666666,0.5349999999999999,0.7295833333333335,0.6784114091774556,0.6375
source,D4-FULL-F3,missingness,0.1,0.7775000000000001,0.018446619684315563,0.75,0.8,0.7643040832170105,0.7906959167829897,0.971875,0.7775000000000001,0.8529166666666667,0.8502984593046705,0.31875
source,D4-FULL-F3,missingness,0.25,0.7549999999999999,0.022973414586817058,0.725,0.8,0.7385658092215931,0.7714341907784067,0.9437499999999999,0.7549999999999999,0.8408333333333333,0.8350776159658146,0.35
source,D4-FULL-F3,missingness,0.5,0.6725000000000001,0.049230184959139764,0.575,0.725,0.6372828472072664,0.7077171527927338,0.8406250000000001,0.6725000000000001,0.80375,0.8036552398364787,0.45625
source,M2/F2,missingness,0.1,0.5425000000000001,0.045719555747817324,0.45,0.625,0.5097942000578882,0.575205799942112,0.9434782608695654,0.5475000000000001,0.7674999999999998,0.7418810955354828,0.66875
source,M2/F2,missingness,0.25,0.47250000000000003,0.06503204338375558,0.375,0.55,0.4259788786560466,0.5190211213439535,0.8217391304347827,0.495,0.7333333333333333,0.7426195263431554,0.63125
source,M2/F2,missingness,0.5,0.2825,0.06977145229644827,0.15,0.375,0.23258850976013293,0.33241149023986705,0.49130434782608695,0.325,0.6116666666666666,0.6836175778915438,0.64375
source,M2/F2T,missingness,0.1,0.7699999999999999,0.0483045891539648,0.725,0.85,0.7354449785586356,0.8045550214413643,0.9333333333333332,0.8175000000000001,0.8887499999999999,0.9139244083494231,0.15625
source,M2/F2T,missingness,0.25,0.675,0.05400617248673217,0.575,0.775,0.6363663115465733,0.7136336884534268,0.8181818181818182,0.7625000000000001,0.8441666666666665,0.8779498827976105,0.24375
source,M2/F2T,missingness,0.5,0.4525,0.07857233044215445,0.375,0.6,0.39629274079999577,0.5087072592000043,0.5484848484848486,0.5775,0.7241666666666666,0.7941545693549678,0.39375
target,D4-FULL,missingness,0.1,0.5966666666666665,0.010540925533894595,0.5666666666666667,0.6,0.5891261427906724,0.6042071905426605,0.9944444444444441,0.5966666666666665,0.7183333333333333,0.6469474564019155,0.6
target,D4-FULL,missingness,0.25,0.5866666666666666,0.028109134757052255,0.5333333333333333,0.6,0.5665586029973492,0.606774730335984,0.9777777777777776,0.5866666666666666,0.7061111111111111,0.636803074383911,0.5833333333333334
target,D4-FULL,missingness,0.5,0.5133333333333333,0.03583225665910466,0.43333333333333335,0.5666666666666667,0.48770048107572944,0.5389661855909371,0.8555555555555555,0.5133333333333333,0.667222222222222,0.6170917281196051,0.6333333333333332
target,D4-FULL-F3,missingness,0.1,0.5999999999999999,1.1702778228589004e-16,0.6,0.6,0.5999999999999998,0.6,0.9999999999999998,0.5999999999999999,0.7177777777777777,0.6452466793168881,0.5083333333333334
target,D4-FULL-F3,missingness,0.25,0.5933333333333332,0.014054567378526128,0.5666666666666667,0.6,0.5832793014986745,0.6033873651679919,0.9888888888888886,0.5933333333333332,0.7072222222222222,0.6360313591855453,0.5166666666666667
target,D4-FULL-F3,missingness,0.5,0.54,0.03442651863295481,0.4666666666666667,0.5666666666666667,0.5153727521473881,0.564627247852612,0.9000000000000001,0.54,0.6777777777777777,0.621921284937779,0.5833333333333334
target,M2/F2,missingness,0.1,0.4333333333333334,0.044444444444444446,0.36666666666666664,0.5,0.40153969306797055,0.46512697359869626,0.7222222222222223,0.51,0.6713888888888888,0.6387905120451112,0.9083333333333332
target,M2/F2,missingness,0.25,0.3433333333333334,0.06488356142513971,0.26666666666666666,0.4666666666666667,0.29691842958388787,0.3897482370827789,0.5722222222222223,0.49000000000000005,0.6233333333333334,0.648686972247706,0.85
target,M2/F2,missingness,0.5,0.2166666666666667,0.06334307917217433,0.1,0.3,0.17135375753540522,0.2619795757979282,0.36111111111111116,0.36666666666666664,0.5247222222222222,0.5905161000580041,0.6833333333333333
target,M2/F2T,missingness,0.1,0.23000000000000004,0.024595492912420722,0.2,0.26666666666666666,0.21240544428934732,0.24759455571065275,1.1500000000000001,0.8933333333333333,0.6597222222222223,0.7481266374956108,0.6833333333333333
target,M2/F2T,missingness,0.25,0.2699999999999999,0.029186501192363764,0.23333333333333334,0.3,0.24912123481092144,0.29087876518907835,1.3499999999999994,0.7766666666666666,0.6372222222222222,0.7191405265846597,0.7416666666666667
target,M2/F2T,missingness,0.5,0.2066666666666667,0.06629526173411687,0.1,0.3,0.15924189335203345,0.25409143998129996,1.0333333333333334,0.56,0.5627777777777778,0.6595677212385974,0.7583333333333334
