compound,metric,factor_a,factor_b,A0B0,A1B0,A0B1,A1B1,interaction_deltas,mean_interaction_delta,sd,ci_low,ci_high,t_statistic,df,raw_p,dz,classification,test_id,holm_p
INPUT_LOAD,ttft_p95,input_medium,load_12rps,BASELINE,INPUT_MEDIUM,LOAD_MEDIUM,INPUT_LOAD,"[1.9320236732481133, 1.979783724996378, 2.0091244996507154, 1.9635040651985036, 2.047972469052911, 2.041738164893468, 2.0873019416554595, 2.003725836500598]",2.0081467968995184,0.05013220977288176,1.9662352206818596,2.050058373117177,113.29835442233444,7,1.100204410615773e-12,40.057017354654775,SUPER_ADDITIVE_EVIDENCE,INPUT_LOAD:ttft_p95,1.58662470414175e-11
INPUT_LOAD,total_latency_p95,input_medium,load_12rps,BASELINE,INPUT_MEDIUM,LOAD_MEDIUM,INPUT_LOAD,"[1.9851222222336218, 2.0430986961564486, 2.0651169309563553, 2.016596414901869, 2.1075549175875494, 2.1061218723021735, 2.1404121863881302, 2.0608971353427474]",2.065615046983612,0.05127764996086061,2.0227458588043277,2.108484235162896,113.93739051286018,7,1.0577498027611667e-12,40.28295073117161,SUPER_ADDITIVE_EVIDENCE,INPUT_LOAD:total_latency_p95,1.58662470414175e-11
INPUT_LOAD,post_first_token_duration_p95,input_medium,load_12rps,BASELINE,INPUT_MEDIUM,LOAD_MEDIUM,INPUT_LOAD,"[0.05688878775472404, 0.06226805765290919, 0.0610666441385547, 0.05881486285143181, 0.053486110135418125, 0.06422258874408726, 0.06268341939394305, 0.06064127740064573]",0.06000896850896424,0.00348954267728275,0.05709163782383611,0.06292629919409237,48.639896386354316,7,4.062887292522819e-10,17.196800285501094,SUPER_ADDITIVE_EVIDENCE,INPUT_LOAD:post_first_token_duration_p95,4.469176021775101e-09
INPUT_DOWNSTREAM,ttft_p95,input_medium,downstream_100ms,BASELINE,INPUT_MEDIUM,DOWNSTREAM_MEDIUM,INPUT_DOWNSTREAM,"[0.00025917324346663023, -0.002797483642643789, 0.0007612292029080189, -0.0024913389523135085, -0.0015166191031312296, -0.00034490180587452846, -0.0035252094439783693, -0.002325793897398412]",-0.0014976180498706484,0.001558018715550723,-0.0028001542923617026,-0.00019508180737959411,-2.7187757582657417,7,0.0298183091507602,-0.961232387597652,SUB_ADDITIVE_EVIDENCE,INPUT_DOWNSTREAM:ttft_p95,0.298183091507602
INPUT_DOWNSTREAM,total_latency_p95,input_medium,downstream_100ms,BASELINE,INPUT_MEDIUM,DOWNSTREAM_MEDIUM,INPUT_DOWNSTREAM,"[0.0025918735409505567, -0.004130218743011921, -0.0004997975935111809, -0.0046996913981274535, -0.003388426104356773, 0.0026029698470665386, -0.014149165749768156, 0.00230394069876641]",-0.0024210644377489973,0.0056440221947387445,-0.007139585074693027,0.0022974561991950327,-1.2132844432948984,7,0.26436839172061477,-0.4289608286809839,INTERACTION_UNCERTAIN,INPUT_DOWNSTREAM:total_latency_p95,1.0
INPUT_DOWNSTREAM,post_first_token_duration_p95,input_medium,downstream_100ms,BASELINE,INPUT_MEDIUM,DOWNSTREAM_MEDIUM,INPUT_DOWNSTREAM,"[0.002093166648774042, -0.0030392655564355775, -0.0006477337588876586, -0.002329111047583876, -0.005055205607277458, 0.004258468736952625, -0.010688626703267812, 0.003090074210922472]",-0.0015397791346004053,0.004898693702201488,-0.0056351895582965545,0.002555631289095744,-0.8890437604753247,7,0.4034951736464714,-0.3143244359018454,INTERACTION_UNCERTAIN,INPUT_DOWNSTREAM:post_first_token_duration_p95,1.0
OUTPUT_LOAD,ttft_p95,output_32,load_12rps,OUTPUT_CONTROL,OUTPUT_MEDIUM,OUTPUT_LOAD_CONTROL,OUTPUT_LOAD,"[3.343326864900154, 3.0872192791939588, 3.3788154214416855, 3.241194478900433, 3.6373115321428484, 3.3683836874493855, 3.386694860790885, 3.6293239169935987]",3.3840337552266186,0.183129569982968,3.2309336033518052,3.537133907101432,52.266233493749134,7,2.459058631658797e-10,18.478904065254735,SUPER_ADDITIVE_EVIDENCE,OUTPUT_LOAD:ttft_p95,2.950870357990556e-09
OUTPUT_LOAD,total_latency_p95,output_32,load_12rps,OUTPUT_CONTROL,OUTPUT_MEDIUM,OUTPUT_LOAD_CONTROL,OUTPUT_LOAD,"[3.344375681599194, 3.06745477528384, 3.3677487036446108, 3.1967377686993133, 3.5526218812454324, 3.2978673034933297, 3.3498458630965615, 3.617923368449192]",3.349321918188934,0.17696669846370597,3.2013740558415393,3.4972697805363286,53.53161382990597,7,2.0806848712298338e-10,18.926283573493038,SUPER_ADDITIVE_EVIDENCE,OUTPUT_LOAD:total_latency_p95,2.7048903325987837e-09
OUTPUT_LOAD,post_first_token_duration_p95,output_32,load_12rps,OUTPUT_CONTROL,OUTPUT_MEDIUM,OUTPUT_LOAD_CONTROL,OUTPUT_LOAD,"[-0.00399352524036653, -0.024427785446096195, 0.0001208822013723243, -0.015911176458394155, 0.006874595496265207, -0.046855966342263966, -0.004090730898678868, 0.04413287499191931]",-0.005518853962030359,0.026266136486389247,-0.027477893595033283,0.016440185670972565,-0.5942890097981622,7,0.5710182879934703,-0.21011289440645955,INTERACTION_UNCERTAIN,OUTPUT_LOAD:post_first_token_duration_p95,1.0
OUTPUT_DOWNSTREAM,ttft_p95,output_32,downstream_100ms,OUTPUT_CONTROL,OUTPUT_MEDIUM,OUTPUT_DOWNSTREAM_CONTROL,OUTPUT_DOWNSTREAM,"[0.004176524401918874, -0.009726514303110882, -0.003599531598592859, -0.00978180770143807, 0.0001321709019976025, -0.005871494143502791, -0.0009564514006342242, -0.004539212499366813]",-0.0037707895428411454,0.004824774724794789,-0.00780440215491982,0.0002628230692375295,-2.21054951433713,7,0.06274633074653313,-0.781547275868207,INTERACTION_UNCERTAIN,OUTPUT_DOWNSTREAM:ttft_p95,0.5647169767187982
OUTPUT_DOWNSTREAM,total_latency_p95,output_32,downstream_100ms,OUTPUT_CONTROL,OUTPUT_MEDIUM,OUTPUT_DOWNSTREAM_CONTROL,OUTPUT_DOWNSTREAM,"[0.014806271504130608, -0.04010647681425328, 0.009784571404088671, -0.025525246957113223, -0.04466581395972741, -0.049219006256316894, -0.005202172293865992, 0.0033561604563147607]",-0.017096464114592844,0.02589150569324963,-0.03874230456664431,0.004549376337458624,-1.8676435203060264,7,0.10403726159607712,-0.6603116990237533,INTERACTION_UNCERTAIN,OUTPUT_DOWNSTREAM:total_latency_p95,0.7282608311725398
OUTPUT_DOWNSTREAM,post_first_token_duration_p95,output_32,downstream_100ms,OUTPUT_CONTROL,OUTPUT_MEDIUM,OUTPUT_DOWNSTREAM_CONTROL,OUTPUT_DOWNSTREAM,"[0.008536124761303665, -0.03517508029835889, 0.012300809295629822, -0.01289932821309775, -0.04583958989751405, -0.043328925595778806, -0.01719309999862159, 0.0006080818951886557]",-0.016623876006406118,0.022964769589876935,-0.035822903843949,0.0025751518311367613,-2.0474588970255985,7,0.07982923688421531,-0.7238860351437649,INTERACTION_UNCERTAIN,OUTPUT_DOWNSTREAM:post_first_token_duration_p95,0.6386338950737225
LOAD_DOWNSTREAM,ttft_p95,load_12rps,downstream_100ms,BASELINE,LOAD_MEDIUM,DOWNSTREAM_MEDIUM,LOAD_DOWNSTREAM,"[-0.0330695455530075, -0.03920120239708934, -0.04699743721139379, -0.05563602115180393, 0.08127239434579683, 0.13114107319634066, -0.006257373335029057, 0.043702240707352624]",0.009369266075145814,0.06864443960198281,-0.0480189215856589,0.06675745373595053,0.3860514625738344,7,0.7109237982979368,0.13648980353647144,INTERACTION_UNCERTAIN,LOAD_DOWNSTREAM:ttft_p95,1.0
LOAD_DOWNSTREAM,total_latency_p95,load_12rps,downstream_100ms,BASELINE,LOAD_MEDIUM,DOWNSTREAM_MEDIUM,LOAD_DOWNSTREAM,"[-0.07193771635465951, -0.04188102740008626, -0.0469014382910245, -0.06565921224027985, 0.08021103119644973, 0.13856955924675277, -0.016856202051712815, 0.043149730252844326]",0.0023368405447854873,0.07669755910650951,-0.061783923506187846,0.06645760459575882,0.08617722988940549,7,0.9337387213904647,0.03046825181933533,INTERACTION_UNCERTAIN,LOAD_DOWNSTREAM:total_latency_p95,1.0
LOAD_DOWNSTREAM,post_first_token_duration_p95,load_12rps,downstream_100ms,BASELINE,LOAD_MEDIUM,DOWNSTREAM_MEDIUM,LOAD_DOWNSTREAM,"[-0.005607282746859732, -0.0013677898954483625, -0.001189383108066988, -0.0066990875067858835, -0.008211236507122494, 0.009883149191591667, -0.011386774997663468, 0.00292492465086977]",-0.0027066851149356863,0.006806620643495102,-0.00839716237849428,0.0029837921486229073,-1.1247375163396476,7,0.2977832272709834,-0.39765476242934,INTERACTION_UNCERTAIN,LOAD_DOWNSTREAM:post_first_token_duration_p95,1.0
