compound,metric,repetition,A0B0,A1B0,A0B1,A1B1,effect_A_when_B0,effect_A_when_B1,effect_B_when_A0,effect_B_when_A1,interaction_delta
INPUT_LOAD,ttft_p95,1,BASELINE,INPUT_MEDIUM,LOAD_MEDIUM,INPUT_LOAD,0.04270847645238974,1.9747321497005033,1.1132766538547,3.0453003271028134,1.9320236732481133
INPUT_LOAD,ttft_p95,2,BASELINE,INPUT_MEDIUM,LOAD_MEDIUM,INPUT_LOAD,0.04406427680041816,2.0238480017967957,1.1172470312525546,3.0970307562489325,1.979783724996378
INPUT_LOAD,ttft_p95,3,BASELINE,INPUT_MEDIUM,LOAD_MEDIUM,INPUT_LOAD,0.04443764854768232,2.053562148198398,1.1308769149025464,3.1400014145532618,2.0091244996507154
INPUT_LOAD,ttft_p95,4,BASELINE,INPUT_MEDIUM,LOAD_MEDIUM,INPUT_LOAD,0.04955170770263067,2.0130557729011342,1.1308381336501039,3.0943421988486075,1.9635040651985036
INPUT_LOAD,ttft_p95,5,BASELINE,INPUT_MEDIUM,LOAD_MEDIUM,INPUT_LOAD,0.044918795551711806,2.092891264604623,1.0496505042017812,3.0976229732546923,2.047972469052911
INPUT_LOAD,ttft_p95,6,BASELINE,INPUT_MEDIUM,LOAD_MEDIUM,INPUT_LOAD,0.04522820595411757,2.0869663708475854,1.0103500104560224,3.0520881753494904,2.041738164893468
INPUT_LOAD,ttft_p95,7,BASELINE,INPUT_MEDIUM,LOAD_MEDIUM,INPUT_LOAD,0.046548962197630314,2.13385090385309,1.0372675204933328,3.1245694621487923,2.0873019416554595
INPUT_LOAD,ttft_p95,8,BASELINE,INPUT_MEDIUM,LOAD_MEDIUM,INPUT_LOAD,0.04733448639781272,2.051060322898411,1.0834367193940124,3.08716255589461,2.003725836500598
INPUT_LOAD,total_latency_p95,1,BASELINE,INPUT_MEDIUM,LOAD_MEDIUM,INPUT_LOAD,0.03162508371206055,2.0167473059456826,1.1669044917063727,3.1520267139399945,1.9851222222336218
INPUT_LOAD,total_latency_p95,2,BASELINE,INPUT_MEDIUM,LOAD_MEDIUM,INPUT_LOAD,0.03541528719615597,2.0785139833526047,1.166307618400242,3.2094063145566905,2.0430986961564486
INPUT_LOAD,total_latency_p95,3,BASELINE,INPUT_MEDIUM,LOAD_MEDIUM,INPUT_LOAD,0.03925142564658016,2.1043683566029356,1.1858987791405524,3.2510157100969077,2.0651169309563553
INPUT_LOAD,total_latency_p95,4,BASELINE,INPUT_MEDIUM,LOAD_MEDIUM,INPUT_LOAD,0.047768578850809734,2.064364993752679,1.194268264596758,3.210864679498627,2.016596414901869
INPUT_LOAD,total_latency_p95,5,BASELINE,INPUT_MEDIUM,LOAD_MEDIUM,INPUT_LOAD,0.044228436556659284,2.1517833541442086,1.100287744103116,3.2078426616906652,2.1075549175875494
INPUT_LOAD,total_latency_p95,6,BASELINE,INPUT_MEDIUM,LOAD_MEDIUM,INPUT_LOAD,0.041453138147699076,2.1475750104498728,1.0611160604043106,3.167237932706484,2.1061218723021735
INPUT_LOAD,total_latency_p95,7,BASELINE,INPUT_MEDIUM,LOAD_MEDIUM,INPUT_LOAD,0.04760600500521833,2.1880181913933487,1.0938877931042952,3.2342999794924254,2.1404121863881302
INPUT_LOAD,total_latency_p95,8,BASELINE,INPUT_MEDIUM,LOAD_MEDIUM,INPUT_LOAD,0.04168938400325714,2.102586519346005,1.1368192839956464,3.197716419338394,2.0608971353427474
INPUT_LOAD,post_first_token_duration_p95,1,BASELINE,INPUT_MEDIUM,LOAD_MEDIUM,INPUT_LOAD,-0.012298114902660015,0.04459067285206403,0.05841401844336361,0.11530280619808765,0.05688878775472404
INPUT_LOAD,post_first_token_duration_p95,2,BASELINE,INPUT_MEDIUM,LOAD_MEDIUM,INPUT_LOAD,-0.009517795497231418,0.05275026215567777,0.053891777096214344,0.11615983474912353,0.06226805765290919
INPUT_LOAD,post_first_token_duration_p95,3,BASELINE,INPUT_MEDIUM,LOAD_MEDIUM,INPUT_LOAD,-0.006024693043218565,0.055041951095336134,0.05858052775802208,0.11964717189657678,0.0610666441385547
INPUT_LOAD,post_first_token_duration_p95,4,BASELINE,INPUT_MEDIUM,LOAD_MEDIUM,INPUT_LOAD,-0.0016728527491068068,0.057142010102325,0.06488048060200527,0.12369534345343708,0.05881486285143181
INPUT_LOAD,post_first_token_duration_p95,5,BASELINE,INPUT_MEDIUM,LOAD_MEDIUM,INPUT_LOAD,-0.001500508342724055,0.05198560179269407,0.06294496455557236,0.11643107469099048,0.053486110135418125
INPUT_LOAD,post_first_token_duration_p95,6,BASELINE,INPUT_MEDIUM,LOAD_MEDIUM,INPUT_LOAD,-0.0065459651952551046,0.05767662354883216,0.05392035110489815,0.11814293984898541,0.06422258874408726
INPUT_LOAD,post_first_token_duration_p95,7,BASELINE,INPUT_MEDIUM,LOAD_MEDIUM,INPUT_LOAD,-0.0029177819451433745,0.059765637448799674,0.060711544051810035,0.12339496344575308,0.06268341939394305
INPUT_LOAD,post_first_token_duration_p95,8,BASELINE,INPUT_MEDIUM,LOAD_MEDIUM,INPUT_LOAD,-0.005044613153950189,0.05559666424669554,0.05999883574695561,0.12064011314760134,0.06064127740064573
INPUT_DOWNSTREAM,ttft_p95,1,BASELINE,INPUT_MEDIUM,DOWNSTREAM_MEDIUM,INPUT_DOWNSTREAM,0.04270847645238974,0.04296764969585637,0.09991774825284666,0.10017692149631328,0.00025917324346663023
INPUT_DOWNSTREAM,ttft_p95,2,BASELINE,INPUT_MEDIUM,DOWNSTREAM_MEDIUM,INPUT_DOWNSTREAM,0.04406427680041816,0.04126679315777437,0.10410211669659473,0.10130463305395095,-0.002797483642643789
INPUT_DOWNSTREAM,ttft_p95,3,BASELINE,INPUT_MEDIUM,DOWNSTREAM_MEDIUM,INPUT_DOWNSTREAM,0.04443764854768232,0.04519887775059034,0.1020096184041904,0.10277084760709841,0.0007612292029080189
INPUT_DOWNSTREAM,ttft_p95,4,BASELINE,INPUT_MEDIUM,DOWNSTREAM_MEDIUM,INPUT_DOWNSTREAM,0.04955170770263067,0.04706036875031716,0.10475749375036686,0.10226615479805334,-0.0024913389523135085
INPUT_DOWNSTREAM,ttft_p95,5,BASELINE,INPUT_MEDIUM,DOWNSTREAM_MEDIUM,INPUT_DOWNSTREAM,0.044918795551711806,0.043402176448580576,0.10296743930521188,0.10145082020208064,-0.0015166191031312296
INPUT_DOWNSTREAM,ttft_p95,6,BASELINE,INPUT_MEDIUM,DOWNSTREAM_MEDIUM,INPUT_DOWNSTREAM,0.04522820595411757,0.04488330414824304,0.1015452167022886,0.10120031489641407,-0.00034490180587452846
INPUT_DOWNSTREAM,ttft_p95,7,BASELINE,INPUT_MEDIUM,DOWNSTREAM_MEDIUM,INPUT_DOWNSTREAM,0.046548962197630314,0.043023752753651945,0.10632580109086119,0.10280059164688282,-0.0035252094439783693
INPUT_DOWNSTREAM,ttft_p95,8,BASELINE,INPUT_MEDIUM,DOWNSTREAM_MEDIUM,INPUT_DOWNSTREAM,0.04733448639781272,0.04500869250041431,0.10473752209509257,0.10241172819769416,-0.002325793897398412
INPUT_DOWNSTREAM,total_latency_p95,1,BASELINE,INPUT_MEDIUM,DOWNSTREAM_MEDIUM,INPUT_DOWNSTREAM,0.03162508371206055,0.034216957253011104,0.09702409970595904,0.0996159732469096,0.0025918735409505567
INPUT_DOWNSTREAM,total_latency_p95,2,BASELINE,INPUT_MEDIUM,DOWNSTREAM_MEDIUM,INPUT_DOWNSTREAM,0.03541528719615597,0.03128506845314405,0.10287754374803626,0.09874732500502434,-0.004130218743011921
INPUT_DOWNSTREAM,total_latency_p95,3,BASELINE,INPUT_MEDIUM,DOWNSTREAM_MEDIUM,INPUT_DOWNSTREAM,0.03925142564658016,0.038751628053068976,0.10275754099457118,0.10225774340106,-0.0004997975935111809
INPUT_DOWNSTREAM,total_latency_p95,4,BASELINE,INPUT_MEDIUM,DOWNSTREAM_MEDIUM,INPUT_DOWNSTREAM,0.047768578850809734,0.04306888745268228,0.10791313304762298,0.10321344164949553,-0.0046996913981274535
INPUT_DOWNSTREAM,total_latency_p95,5,BASELINE,INPUT_MEDIUM,DOWNSTREAM_MEDIUM,INPUT_DOWNSTREAM,0.044228436556659284,0.04084001045230251,0.10448071009777776,0.10109228399342099,-0.003388426104356773
INPUT_DOWNSTREAM,total_latency_p95,6,BASELINE,INPUT_MEDIUM,DOWNSTREAM_MEDIUM,INPUT_DOWNSTREAM,0.041453138147699076,0.044056107994765614,0.10104055180563595,0.10364352165270249,0.0026029698470665386
INPUT_DOWNSTREAM,total_latency_p95,7,BASELINE,INPUT_MEDIUM,DOWNSTREAM_MEDIUM,INPUT_DOWNSTREAM,0.04760600500521833,0.03345683925545018,0.11581050414824859,0.10166133839848043,-0.014149165749768156
INPUT_DOWNSTREAM,total_latency_p95,8,BASELINE,INPUT_MEDIUM,DOWNSTREAM_MEDIUM,INPUT_DOWNSTREAM,0.04168938400325714,0.04399332470202355,0.10105437419952065,0.10335831489828706,0.00230394069876641
INPUT_DOWNSTREAM,post_first_token_duration_p95,1,BASELINE,INPUT_MEDIUM,DOWNSTREAM_MEDIUM,INPUT_DOWNSTREAM,-0.012298114902660015,-0.010204948253885973,-0.0019036420009797272,0.00018952464779431466,0.002093166648774042
INPUT_DOWNSTREAM,post_first_token_duration_p95,2,BASELINE,INPUT_MEDIUM,DOWNSTREAM_MEDIUM,INPUT_DOWNSTREAM,-0.009517795497231418,-0.012557061053666996,0.0005186062542634484,-0.002520659302172129,-0.0030392655564355775
INPUT_DOWNSTREAM,post_first_token_duration_p95,3,BASELINE,INPUT_MEDIUM,DOWNSTREAM_MEDIUM,INPUT_DOWNSTREAM,-0.006024693043218565,-0.006672426802106224,-0.0004988124488590762,-0.0011465462077467348,-0.0006477337588876586
INPUT_DOWNSTREAM,post_first_token_duration_p95,4,BASELINE,INPUT_MEDIUM,DOWNSTREAM_MEDIUM,INPUT_DOWNSTREAM,-0.0016728527491068068,-0.004001963796690697,0.002914695852086896,0.000585584804503006,-0.002329111047583876
INPUT_DOWNSTREAM,post_first_token_duration_p95,5,BASELINE,INPUT_MEDIUM,DOWNSTREAM_MEDIUM,INPUT_DOWNSTREAM,-0.001500508342724055,-0.006555713950001513,0.006855191007343803,0.0017999854000663451,-0.005055205607277458
INPUT_DOWNSTREAM,post_first_token_duration_p95,6,BASELINE,INPUT_MEDIUM,DOWNSTREAM_MEDIUM,INPUT_DOWNSTREAM,-0.0065459651952551046,-0.0022874964583024793,-0.0034789169912983198,0.0007795517456543055,0.004258468736952625
INPUT_DOWNSTREAM,post_first_token_duration_p95,7,BASELINE,INPUT_MEDIUM,DOWNSTREAM_MEDIUM,INPUT_DOWNSTREAM,-0.0029177819451433745,-0.013606408648411172,0.010268799951518304,-0.00041982675174949413,-0.010688626703267812
INPUT_DOWNSTREAM,post_first_token_duration_p95,8,BASELINE,INPUT_MEDIUM,DOWNSTREAM_MEDIUM,INPUT_DOWNSTREAM,-0.005044613153950189,-0.001954538943027717,-0.0017360000096232342,0.001354074201299238,0.003090074210922472
OUTPUT_LOAD,ttft_p95,1,OUTPUT_CONTROL,OUTPUT_MEDIUM,OUTPUT_LOAD_CONTROL,OUTPUT_LOAD,-0.004417939604900306,3.3389089252952537,0.526682418398559,3.870009283298713,3.343326864900154
OUTPUT_LOAD,ttft_p95,2,OUTPUT_CONTROL,OUTPUT_MEDIUM,OUTPUT_LOAD_CONTROL,OUTPUT_LOAD,-0.00020231039961799563,3.087016968794341,0.6321133631056,3.7193326422995585,3.0872192791939588
OUTPUT_LOAD,ttft_p95,3,OUTPUT_CONTROL,OUTPUT_MEDIUM,OUTPUT_LOAD_CONTROL,OUTPUT_LOAD,-0.003495552398817381,3.375319869042868,0.6087398806066631,3.9875553020483485,3.3788154214416855
OUTPUT_LOAD,ttft_p95,4,OUTPUT_CONTROL,OUTPUT_MEDIUM,OUTPUT_LOAD_CONTROL,OUTPUT_LOAD,-0.00207285480246356,3.2391216240979697,0.5283530999971844,3.7695475788976176,3.241194478900433
OUTPUT_LOAD,ttft_p95,5,OUTPUT_CONTROL,OUTPUT_MEDIUM,OUTPUT_LOAD_CONTROL,OUTPUT_LOAD,-0.0070735131455876565,3.630238018997261,0.48605066365671507,4.123362195799563,3.6373115321428484
OUTPUT_LOAD,ttft_p95,6,OUTPUT_CONTROL,OUTPUT_MEDIUM,OUTPUT_LOAD_CONTROL,OUTPUT_LOAD,0.0030604979470808744,3.3714441853964665,0.4932033643039176,3.861587051753303,3.3683836874493855
OUTPUT_LOAD,ttft_p95,7,OUTPUT_CONTROL,OUTPUT_MEDIUM,OUTPUT_LOAD_CONTROL,OUTPUT_LOAD,-0.002769865247319113,3.3839249955435657,0.4998529256037727,3.8865477863946576,3.386694860790885
OUTPUT_LOAD,ttft_p95,8,OUTPUT_CONTROL,OUTPUT_MEDIUM,OUTPUT_LOAD_CONTROL,OUTPUT_LOAD,0.0024861393052560687,3.6318100562988542,0.3741078868584736,4.003431803852072,3.6293239169935987
OUTPUT_LOAD,total_latency_p95,1,OUTPUT_CONTROL,OUTPUT_MEDIUM,OUTPUT_LOAD_CONTROL,OUTPUT_LOAD,0.2047875118500087,3.5491631934492025,0.4869654243437253,3.831341105942919,3.344375681599194
OUTPUT_LOAD,total_latency_p95,2,OUTPUT_CONTROL,OUTPUT_MEDIUM,OUTPUT_LOAD_CONTROL,OUTPUT_LOAD,0.21333950625921716,3.280794281543057,0.5837094496589998,3.65116422494284,3.06745477528384
OUTPUT_LOAD,total_latency_p95,3,OUTPUT_CONTROL,OUTPUT_MEDIUM,OUTPUT_LOAD_CONTROL,OUTPUT_LOAD,0.1996815618986147,3.5674302655432255,0.5619642809506331,3.929712984595244,3.3677487036446108
OUTPUT_LOAD,total_latency_p95,4,OUTPUT_CONTROL,OUTPUT_MEDIUM,OUTPUT_LOAD_CONTROL,OUTPUT_LOAD,0.2165947833516838,3.413332552050997,0.4722204319052253,3.6689582006045383,3.1967377686993133
OUTPUT_LOAD,total_latency_p95,5,OUTPUT_CONTROL,OUTPUT_MEDIUM,OUTPUT_LOAD_CONTROL,OUTPUT_LOAD,0.21760342740490146,3.7702253086503337,0.4256754160040145,3.978297297249447,3.5526218812454324
OUTPUT_LOAD,total_latency_p95,6,OUTPUT_CONTROL,OUTPUT_MEDIUM,OUTPUT_LOAD_CONTROL,OUTPUT_LOAD,0.2743119351031057,3.5721792385964353,0.49482644170129797,3.7926937451946277,3.2978673034933297
OUTPUT_LOAD,total_latency_p95,7,OUTPUT_CONTROL,OUTPUT_MEDIUM,OUTPUT_LOAD_CONTROL,OUTPUT_LOAD,0.1985475573987059,3.5483934204952674,0.4555163622015243,3.805362225298086,3.3498458630965615
OUTPUT_LOAD,total_latency_p95,8,OUTPUT_CONTROL,OUTPUT_MEDIUM,OUTPUT_LOAD_CONTROL,OUTPUT_LOAD,0.20044783185294363,3.8183712003021353,0.2941143958509201,3.912037764300112,3.617923368449192
OUTPUT_LOAD,post_first_token_duration_p95,1,OUTPUT_CONTROL,OUTPUT_MEDIUM,OUTPUT_LOAD_CONTROL,OUTPUT_LOAD,0.21176447524485406,0.20777095000448753,-0.03445513546030268,-0.03844866070066921,-0.00399352524036653
OUTPUT_LOAD,post_first_token_duration_p95,2,OUTPUT_CONTROL,OUTPUT_MEDIUM,OUTPUT_LOAD_CONTROL,OUTPUT_LOAD,0.2197714913538221,0.1953437059077259,-0.013576043754073897,-0.03800382920017009,-0.024427785446096195
OUTPUT_LOAD,post_first_token_duration_p95,3,OUTPUT_CONTROL,OUTPUT_MEDIUM,OUTPUT_LOAD_CONTROL,OUTPUT_LOAD,0.20629815800311913,0.20641904020449145,-0.01637000864611768,-0.016249126444745354,0.0001208822013723243
OUTPUT_LOAD,post_first_token_duration_p95,4,OUTPUT_CONTROL,OUTPUT_MEDIUM,OUTPUT_LOAD_CONTROL,OUTPUT_LOAD,0.22327796010831666,0.2073667836499225,-0.04382826669534548,-0.059739443153739635,-0.015911176458394155
OUTPUT_LOAD,post_first_token_duration_p95,5,OUTPUT_CONTROL,OUTPUT_MEDIUM,OUTPUT_LOAD_CONTROL,OUTPUT_LOAD,0.2303711295000538,0.23724572499631902,-0.06372660829292728,-0.05685201279666208,0.006874595496265207
OUTPUT_LOAD,post_first_token_duration_p95,6,OUTPUT_CONTROL,OUTPUT_MEDIUM,OUTPUT_LOAD_CONTROL,OUTPUT_LOAD,0.27411742884505663,0.22726146250279267,0.0038117145984871703,-0.043044251743776796,-0.046855966342263966
OUTPUT_LOAD,post_first_token_duration_p95,7,OUTPUT_CONTROL,OUTPUT_MEDIUM,OUTPUT_LOAD_CONTROL,OUTPUT_LOAD,0.21655190385245074,0.21246117295377187,-0.02869318334742274,-0.03278391424610161,-0.004090730898678868
OUTPUT_LOAD,post_first_token_duration_p95,8,OUTPUT_CONTROL,OUTPUT_MEDIUM,OUTPUT_LOAD_CONTROL,OUTPUT_LOAD,0.20910729790557525,0.25324017289749456,-0.053397941642469915,-0.009265066650550602,0.04413287499191931
OUTPUT_DOWNSTREAM,ttft_p95,1,OUTPUT_CONTROL,OUTPUT_MEDIUM,OUTPUT_DOWNSTREAM_CONTROL,OUTPUT_DOWNSTREAM,-0.004417939604900306,-0.00024141520298143204,0.10139215270173736,0.10556867710365624,0.004176524401918874
OUTPUT_DOWNSTREAM,ttft_p95,2,OUTPUT_CONTROL,OUTPUT_MEDIUM,OUTPUT_DOWNSTREAM_CONTROL,OUTPUT_DOWNSTREAM,-0.00020231039961799563,-0.009928824702728878,0.10518470450260792,0.09545819019949704,-0.009726514303110882
OUTPUT_DOWNSTREAM,ttft_p95,3,OUTPUT_CONTROL,OUTPUT_MEDIUM,OUTPUT_DOWNSTREAM_CONTROL,OUTPUT_DOWNSTREAM,-0.003495552398817381,-0.00709508399741024,0.10773064375025569,0.10413111215166283,-0.003599531598592859
OUTPUT_DOWNSTREAM,ttft_p95,4,OUTPUT_CONTROL,OUTPUT_MEDIUM,OUTPUT_DOWNSTREAM_CONTROL,OUTPUT_DOWNSTREAM,-0.00207285480246356,-0.01185466250390163,0.1081634538986691,0.09838164619723103,-0.00978180770143807
OUTPUT_DOWNSTREAM,ttft_p95,5,OUTPUT_CONTROL,OUTPUT_MEDIUM,OUTPUT_DOWNSTREAM_CONTROL,OUTPUT_DOWNSTREAM,-0.0070735131455876565,-0.006941342243590054,0.09577992254853597,0.09591209345053357,0.0001321709019976025
OUTPUT_DOWNSTREAM,ttft_p95,6,OUTPUT_CONTROL,OUTPUT_MEDIUM,OUTPUT_DOWNSTREAM_CONTROL,OUTPUT_DOWNSTREAM,0.0030604979470808744,-0.0028109961964219166,0.10183292264919147,0.09596142850568869,-0.005871494143502791
OUTPUT_DOWNSTREAM,ttft_p95,7,OUTPUT_CONTROL,OUTPUT_MEDIUM,OUTPUT_DOWNSTREAM_CONTROL,OUTPUT_DOWNSTREAM,-0.002769865247319113,-0.003726316647953337,0.1055081523471017,0.10455170094646749,-0.0009564514006342242
OUTPUT_DOWNSTREAM,ttft_p95,8,OUTPUT_CONTROL,OUTPUT_MEDIUM,OUTPUT_DOWNSTREAM_CONTROL,OUTPUT_DOWNSTREAM,0.0024861393052560687,-0.002053073194110744,0.10035275975351395,0.09581354725414713,-0.004539212499366813
OUTPUT_DOWNSTREAM,total_latency_p95,1,OUTPUT_CONTROL,OUTPUT_MEDIUM,OUTPUT_DOWNSTREAM_CONTROL,OUTPUT_DOWNSTREAM,0.2047875118500087,0.21959378335413932,0.10499151249896388,0.11979778400309449,0.014806271504130608
OUTPUT_DOWNSTREAM,total_latency_p95,2,OUTPUT_CONTROL,OUTPUT_MEDIUM,OUTPUT_DOWNSTREAM_CONTROL,OUTPUT_DOWNSTREAM,0.21333950625921716,0.17323302944496388,0.1226191306093824,0.08251265379512912,-0.04010647681425328
OUTPUT_DOWNSTREAM,total_latency_p95,3,OUTPUT_CONTROL,OUTPUT_MEDIUM,OUTPUT_DOWNSTREAM_CONTROL,OUTPUT_DOWNSTREAM,0.1996815618986147,0.20946613330270336,0.12388858964804961,0.13367316105213828,0.009784571404088671
OUTPUT_DOWNSTREAM,total_latency_p95,4,OUTPUT_CONTROL,OUTPUT_MEDIUM,OUTPUT_DOWNSTREAM_CONTROL,OUTPUT_DOWNSTREAM,0.2165947833516838,0.19106953639457058,0.09430057115423546,0.06877532419712223,-0.025525246957113223
OUTPUT_DOWNSTREAM,total_latency_p95,5,OUTPUT_CONTROL,OUTPUT_MEDIUM,OUTPUT_DOWNSTREAM_CONTROL,OUTPUT_DOWNSTREAM,0.21760342740490146,0.17293761344517405,0.09105517850584871,0.0463893645461213,-0.04466581395972741
OUTPUT_DOWNSTREAM,total_latency_p95,6,OUTPUT_CONTROL,OUTPUT_MEDIUM,OUTPUT_DOWNSTREAM_CONTROL,OUTPUT_DOWNSTREAM,0.2743119351031057,0.22509292884678878,0.14460165000236894,0.09538264374605204,-0.049219006256316894
OUTPUT_DOWNSTREAM,total_latency_p95,7,OUTPUT_CONTROL,OUTPUT_MEDIUM,OUTPUT_DOWNSTREAM_CONTROL,OUTPUT_DOWNSTREAM,0.1985475573987059,0.1933453851048399,0.11668242405030466,0.11148025175643866,-0.005202172293865992
OUTPUT_DOWNSTREAM,total_latency_p95,8,OUTPUT_CONTROL,OUTPUT_MEDIUM,OUTPUT_DOWNSTREAM_CONTROL,OUTPUT_DOWNSTREAM,0.20044783185294363,0.20380399230925839,0.08433858894495644,0.0876947494012712,0.0033561604563147607
OUTPUT_DOWNSTREAM,post_first_token_duration_p95,1,OUTPUT_CONTROL,OUTPUT_MEDIUM,OUTPUT_DOWNSTREAM_CONTROL,OUTPUT_DOWNSTREAM,0.21176447524485406,0.22030060000615773,0.004572640493279323,0.013108765254582988,0.008536124761303665
OUTPUT_DOWNSTREAM,post_first_token_duration_p95,2,OUTPUT_CONTROL,OUTPUT_MEDIUM,OUTPUT_DOWNSTREAM_CONTROL,OUTPUT_DOWNSTREAM,0.2197714913538221,0.18459641105546323,0.018520476748381032,-0.01665460354997783,-0.03517508029835889
OUTPUT_DOWNSTREAM,post_first_token_duration_p95,3,OUTPUT_CONTROL,OUTPUT_MEDIUM,OUTPUT_DOWNSTREAM_CONTROL,OUTPUT_DOWNSTREAM,0.20629815800311913,0.21859896729874895,0.013456795857928194,0.025757605153558016,0.012300809295629822
OUTPUT_DOWNSTREAM,post_first_token_duration_p95,4,OUTPUT_CONTROL,OUTPUT_MEDIUM,OUTPUT_DOWNSTREAM_CONTROL,OUTPUT_DOWNSTREAM,0.22327796010831666,0.2103786318952189,-0.012658622942763043,-0.025557951155860792,-0.01289932821309775
OUTPUT_DOWNSTREAM,post_first_token_duration_p95,5,OUTPUT_CONTROL,OUTPUT_MEDIUM,OUTPUT_DOWNSTREAM_CONTROL,OUTPUT_DOWNSTREAM,0.2303711295000538,0.18453153960253976,-0.0046558205023757016,-0.05049541039988975,-0.04583958989751405
OUTPUT_DOWNSTREAM,post_first_token_duration_p95,6,OUTPUT_CONTROL,OUTPUT_MEDIUM,OUTPUT_DOWNSTREAM_CONTROL,OUTPUT_DOWNSTREAM,0.27411742884505663,0.23078850324927783,0.04049282915220834,-0.0028360964435704683,-0.043328925595778806
OUTPUT_DOWNSTREAM,post_first_token_duration_p95,7,OUTPUT_CONTROL,OUTPUT_MEDIUM,OUTPUT_DOWNSTREAM_CONTROL,OUTPUT_DOWNSTREAM,0.21655190385245074,0.19935880385382915,0.013558016348542895,-0.0036350836500786965,-0.01719309999862159
OUTPUT_DOWNSTREAM,post_first_token_duration_p95,8,OUTPUT_CONTROL,OUTPUT_MEDIUM,OUTPUT_DOWNSTREAM_CONTROL,OUTPUT_DOWNSTREAM,0.20910729790557525,0.2097153798007639,-0.01640312564886695,-0.015795043753678295,0.0006080818951886557
LOAD_DOWNSTREAM,ttft_p95,1,BASELINE,LOAD_MEDIUM,DOWNSTREAM_MEDIUM,LOAD_DOWNSTREAM,1.1132766538547,1.0802071083016926,0.09991774825284666,0.06684820269983915,-0.0330695455530075
LOAD_DOWNSTREAM,ttft_p95,2,BASELINE,LOAD_MEDIUM,DOWNSTREAM_MEDIUM,LOAD_DOWNSTREAM,1.1172470312525546,1.0780458288554653,0.10410211669659473,0.0649009142995054,-0.03920120239708934
LOAD_DOWNSTREAM,ttft_p95,3,BASELINE,LOAD_MEDIUM,DOWNSTREAM_MEDIUM,LOAD_DOWNSTREAM,1.1308769149025464,1.0838794776911524,0.1020096184041904,0.055012181192796605,-0.04699743721139379
LOAD_DOWNSTREAM,ttft_p95,4,BASELINE,LOAD_MEDIUM,DOWNSTREAM_MEDIUM,LOAD_DOWNSTREAM,1.1308381336501039,1.0752021124983,0.10475749375036686,0.04912147259856292,-0.05563602115180393
LOAD_DOWNSTREAM,ttft_p95,5,BASELINE,LOAD_MEDIUM,DOWNSTREAM_MEDIUM,LOAD_DOWNSTREAM,1.0496505042017812,1.130922898547578,0.10296743930521188,0.1842398336510087,0.08127239434579683
LOAD_DOWNSTREAM,ttft_p95,6,BASELINE,LOAD_MEDIUM,DOWNSTREAM_MEDIUM,LOAD_DOWNSTREAM,1.0103500104560224,1.141491083652363,0.1015452167022886,0.23268628989862927,0.13114107319634066
LOAD_DOWNSTREAM,ttft_p95,7,BASELINE,LOAD_MEDIUM,DOWNSTREAM_MEDIUM,LOAD_DOWNSTREAM,1.0372675204933328,1.0310101471583037,0.10632580109086119,0.10006842775583213,-0.006257373335029057
LOAD_DOWNSTREAM,ttft_p95,8,BASELINE,LOAD_MEDIUM,DOWNSTREAM_MEDIUM,LOAD_DOWNSTREAM,1.0834367193940124,1.127138960101365,0.10473752209509257,0.1484397628024452,0.043702240707352624
LOAD_DOWNSTREAM,total_latency_p95,1,BASELINE,LOAD_MEDIUM,DOWNSTREAM_MEDIUM,LOAD_DOWNSTREAM,1.1669044917063727,1.0949667753517134,0.09702409970595904,0.025086383351299535,-0.07193771635465951
LOAD_DOWNSTREAM,total_latency_p95,2,BASELINE,LOAD_MEDIUM,DOWNSTREAM_MEDIUM,LOAD_DOWNSTREAM,1.166307618400242,1.1244265910001559,0.10287754374803626,0.06099651634795,-0.04188102740008626
LOAD_DOWNSTREAM,total_latency_p95,3,BASELINE,LOAD_MEDIUM,DOWNSTREAM_MEDIUM,LOAD_DOWNSTREAM,1.1858987791405524,1.138997340849528,0.10275754099457118,0.055856102703546684,-0.0469014382910245
LOAD_DOWNSTREAM,total_latency_p95,4,BASELINE,LOAD_MEDIUM,DOWNSTREAM_MEDIUM,LOAD_DOWNSTREAM,1.194268264596758,1.128609052356478,0.10791313304762298,0.04225392080734314,-0.06565921224027985
LOAD_DOWNSTREAM,total_latency_p95,5,BASELINE,LOAD_MEDIUM,DOWNSTREAM_MEDIUM,LOAD_DOWNSTREAM,1.100287744103116,1.1804987752995657,0.10448071009777776,0.1846917412942275,0.08021103119644973
LOAD_DOWNSTREAM,total_latency_p95,6,BASELINE,LOAD_MEDIUM,DOWNSTREAM_MEDIUM,LOAD_DOWNSTREAM,1.0611160604043106,1.1996856196510635,0.10104055180563595,0.23961011105238872,0.13856955924675277
LOAD_DOWNSTREAM,total_latency_p95,7,BASELINE,LOAD_MEDIUM,DOWNSTREAM_MEDIUM,LOAD_DOWNSTREAM,1.0938877931042952,1.0770315910525823,0.11581050414824859,0.09895430209653577,-0.016856202051712815
LOAD_DOWNSTREAM,total_latency_p95,8,BASELINE,LOAD_MEDIUM,DOWNSTREAM_MEDIUM,LOAD_DOWNSTREAM,1.1368192839956464,1.1799690142484907,0.10105437419952065,0.14420410445236498,0.043149730252844326
LOAD_DOWNSTREAM,post_first_token_duration_p95,1,BASELINE,LOAD_MEDIUM,DOWNSTREAM_MEDIUM,LOAD_DOWNSTREAM,0.05841401844336361,0.052806735696503876,-0.0019036420009797272,-0.007510924747839459,-0.005607282746859732
LOAD_DOWNSTREAM,post_first_token_duration_p95,2,BASELINE,LOAD_MEDIUM,DOWNSTREAM_MEDIUM,LOAD_DOWNSTREAM,0.053891777096214344,0.05252398720076598,0.0005186062542634484,-0.0008491836411849141,-0.0013677898954483625
LOAD_DOWNSTREAM,post_first_token_duration_p95,3,BASELINE,LOAD_MEDIUM,DOWNSTREAM_MEDIUM,LOAD_DOWNSTREAM,0.05858052775802208,0.057391144649955095,-0.0004988124488590762,-0.0016881955569260643,-0.001189383108066988
LOAD_DOWNSTREAM,post_first_token_duration_p95,4,BASELINE,LOAD_MEDIUM,DOWNSTREAM_MEDIUM,LOAD_DOWNSTREAM,0.06488048060200527,0.058181393095219386,0.002914695852086896,-0.0037843916546989875,-0.0066990875067858835
LOAD_DOWNSTREAM,post_first_token_duration_p95,5,BASELINE,LOAD_MEDIUM,DOWNSTREAM_MEDIUM,LOAD_DOWNSTREAM,0.06294496455557236,0.054733728048449865,0.006855191007343803,-0.0013560454997786908,-0.008211236507122494
LOAD_DOWNSTREAM,post_first_token_duration_p95,6,BASELINE,LOAD_MEDIUM,DOWNSTREAM_MEDIUM,LOAD_DOWNSTREAM,0.05392035110489815,0.06380350029648982,-0.0034789169912983198,0.006404232200293347,0.009883149191591667
LOAD_DOWNSTREAM,post_first_token_duration_p95,7,BASELINE,LOAD_MEDIUM,DOWNSTREAM_MEDIUM,LOAD_DOWNSTREAM,0.060711544051810035,0.04932476905414657,0.010268799951518304,-0.0011179750461451643,-0.011386774997663468
LOAD_DOWNSTREAM,post_first_token_duration_p95,8,BASELINE,LOAD_MEDIUM,DOWNSTREAM_MEDIUM,LOAD_DOWNSTREAM,0.05999883574695561,0.06292376039782538,-0.0017360000096232342,0.001188924641246536,0.00292492465086977
