run_id,condition_id,repetition,ttft_slo_violated,total_latency_slo_violated,decode_duration_slo_violated,slo_violation_count,slo_violation_class
phase6v2-r01-input-medium-a01,INPUT_MEDIUM,1,True,False,False,1,SINGLE_SLO_VIOLATION
phase6v2-r01-input-load-a01,INPUT_LOAD,1,True,True,True,3,COMPOUND_SLO_VIOLATION
phase6v2-r01-output-medium-a01,OUTPUT_MEDIUM,1,False,True,True,2,COMPOUND_SLO_VIOLATION
phase6v2-r01-load-downstream-a01,LOAD_DOWNSTREAM,1,True,True,False,2,COMPOUND_SLO_VIOLATION
phase6v2-r01-output-downstream-control-a01,OUTPUT_DOWNSTREAM_CONTROL,1,True,True,True,3,COMPOUND_SLO_VIOLATION
phase6v2-r01-downstream-medium-a01,DOWNSTREAM_MEDIUM,1,True,True,False,2,COMPOUND_SLO_VIOLATION
phase6v2-r01-output-load-control-a01,OUTPUT_LOAD_CONTROL,1,True,True,False,2,COMPOUND_SLO_VIOLATION
phase6v2-r01-input-downstream-a01,INPUT_DOWNSTREAM,1,True,True,False,2,COMPOUND_SLO_VIOLATION
phase6v2-r01-output-control-a01,OUTPUT_CONTROL,1,False,False,True,1,SINGLE_SLO_VIOLATION
phase6v2-r01-output-downstream-a01,OUTPUT_DOWNSTREAM,1,True,True,True,3,COMPOUND_SLO_VIOLATION
phase6v2-r01-baseline-a01,BASELINE,1,False,False,False,0,NO_COUNTED_SLO_VIOLATION
phase6v2-r01-output-load-a01,OUTPUT_LOAD,1,True,True,True,3,COMPOUND_SLO_VIOLATION
phase6v2-r01-load-medium-a01,LOAD_MEDIUM,1,True,True,False,2,COMPOUND_SLO_VIOLATION
phase6v2-r02-output-control-a01,OUTPUT_CONTROL,2,False,True,True,2,COMPOUND_SLO_VIOLATION
phase6v2-r02-input-downstream-a01,INPUT_DOWNSTREAM,2,True,True,False,2,COMPOUND_SLO_VIOLATION
phase6v2-r02-baseline-a01,BASELINE,2,False,False,False,0,NO_COUNTED_SLO_VIOLATION
phase6v2-r02-output-medium-a01,OUTPUT_MEDIUM,2,False,True,True,2,COMPOUND_SLO_VIOLATION
phase6v2-r02-input-medium-a01,INPUT_MEDIUM,2,True,False,False,1,SINGLE_SLO_VIOLATION
phase6v2-r02-output-load-a01,OUTPUT_LOAD,2,True,True,True,3,COMPOUND_SLO_VIOLATION
phase6v2-r02-output-downstream-a01,OUTPUT_DOWNSTREAM,2,True,True,True,3,COMPOUND_SLO_VIOLATION
phase6v2-r02-output-downstream-control-a01,OUTPUT_DOWNSTREAM_CONTROL,2,True,True,True,3,COMPOUND_SLO_VIOLATION
phase6v2-r02-input-load-a01,INPUT_LOAD,2,True,True,True,3,COMPOUND_SLO_VIOLATION
phase6v2-r02-load-downstream-a01,LOAD_DOWNSTREAM,2,True,True,False,2,COMPOUND_SLO_VIOLATION
phase6v2-r02-load-medium-a01,LOAD_MEDIUM,2,True,True,False,2,COMPOUND_SLO_VIOLATION
phase6v2-r02-downstream-medium-a01,DOWNSTREAM_MEDIUM,2,True,True,False,2,COMPOUND_SLO_VIOLATION
phase6v2-r02-output-load-control-a01,OUTPUT_LOAD_CONTROL,2,True,True,True,3,COMPOUND_SLO_VIOLATION
phase6v2-r03-output-downstream-a01,OUTPUT_DOWNSTREAM,3,True,True,True,3,COMPOUND_SLO_VIOLATION
phase6v2-r03-input-medium-a01,INPUT_MEDIUM,3,True,False,False,1,SINGLE_SLO_VIOLATION
phase6v2-r03-output-load-a01,OUTPUT_LOAD,3,True,True,True,3,COMPOUND_SLO_VIOLATION
phase6v2-r03-input-downstream-a01,INPUT_DOWNSTREAM,3,True,True,False,2,COMPOUND_SLO_VIOLATION
phase6v2-r03-input-load-a01,INPUT_LOAD,3,True,True,True,3,COMPOUND_SLO_VIOLATION
phase6v2-r03-baseline-a01,BASELINE,3,False,False,False,0,NO_COUNTED_SLO_VIOLATION
phase6v2-r03-downstream-medium-a01,DOWNSTREAM_MEDIUM,3,True,True,False,2,COMPOUND_SLO_VIOLATION
phase6v2-r03-output-load-control-a01,OUTPUT_LOAD_CONTROL,3,True,True,False,2,COMPOUND_SLO_VIOLATION
phase6v2-r03-output-medium-a01,OUTPUT_MEDIUM,3,False,True,True,2,COMPOUND_SLO_VIOLATION
phase6v2-r03-load-downstream-a01,LOAD_DOWNSTREAM,3,True,True,False,2,COMPOUND_SLO_VIOLATION
phase6v2-r03-output-downstream-control-a01,OUTPUT_DOWNSTREAM_CONTROL,3,True,True,True,3,COMPOUND_SLO_VIOLATION
phase6v2-r03-output-control-a01,OUTPUT_CONTROL,3,False,False,True,1,SINGLE_SLO_VIOLATION
phase6v2-r03-load-medium-a01,LOAD_MEDIUM,3,True,True,False,2,COMPOUND_SLO_VIOLATION
phase6v2-r04-input-load-a01,INPUT_LOAD,4,True,True,True,3,COMPOUND_SLO_VIOLATION
phase6v2-r04-output-load-a01,OUTPUT_LOAD,4,True,True,True,3,COMPOUND_SLO_VIOLATION
phase6v2-r04-downstream-medium-a01,DOWNSTREAM_MEDIUM,4,True,True,False,2,COMPOUND_SLO_VIOLATION
phase6v2-r04-output-control-a01,OUTPUT_CONTROL,4,False,True,True,2,COMPOUND_SLO_VIOLATION
phase6v2-r04-output-load-control-a01,OUTPUT_LOAD_CONTROL,4,True,True,False,2,COMPOUND_SLO_VIOLATION
phase6v2-r04-output-downstream-control-a01,OUTPUT_DOWNSTREAM_CONTROL,4,True,True,True,3,COMPOUND_SLO_VIOLATION
phase6v2-r04-baseline-a01,BASELINE,4,False,False,False,0,NO_COUNTED_SLO_VIOLATION
phase6v2-r04-input-medium-a01,INPUT_MEDIUM,4,True,False,False,1,SINGLE_SLO_VIOLATION
phase6v2-r04-input-downstream-a01,INPUT_DOWNSTREAM,4,True,True,False,2,COMPOUND_SLO_VIOLATION
phase6v2-r04-output-downstream-a01,OUTPUT_DOWNSTREAM,4,True,True,True,3,COMPOUND_SLO_VIOLATION
phase6v2-r04-load-medium-a01,LOAD_MEDIUM,4,True,True,False,2,COMPOUND_SLO_VIOLATION
phase6v2-r04-load-downstream-a01,LOAD_DOWNSTREAM,4,True,True,False,2,COMPOUND_SLO_VIOLATION
phase6v2-r04-output-medium-a01,OUTPUT_MEDIUM,4,False,True,True,2,COMPOUND_SLO_VIOLATION
phase6v2-r05-output-downstream-a01,OUTPUT_DOWNSTREAM,5,True,True,True,3,COMPOUND_SLO_VIOLATION
phase6v2-r05-input-downstream-a01,INPUT_DOWNSTREAM,5,True,True,False,2,COMPOUND_SLO_VIOLATION
phase6v2-r05-load-downstream-a01,LOAD_DOWNSTREAM,5,True,True,False,2,COMPOUND_SLO_VIOLATION
phase6v2-r05-output-downstream-control-a01,OUTPUT_DOWNSTREAM_CONTROL,5,True,True,True,3,COMPOUND_SLO_VIOLATION
phase6v2-r05-output-load-control-a01,OUTPUT_LOAD_CONTROL,5,True,True,False,2,COMPOUND_SLO_VIOLATION
phase6v2-r05-input-medium-a01,INPUT_MEDIUM,5,True,False,False,1,SINGLE_SLO_VIOLATION
phase6v2-r05-output-control-a01,OUTPUT_CONTROL,5,False,True,True,2,COMPOUND_SLO_VIOLATION
phase6v2-r05-baseline-a01,BASELINE,5,False,False,False,0,NO_COUNTED_SLO_VIOLATION
phase6v2-r05-input-load-a01,INPUT_LOAD,5,True,True,True,3,COMPOUND_SLO_VIOLATION
phase6v2-r05-downstream-medium-a01,DOWNSTREAM_MEDIUM,5,True,True,False,2,COMPOUND_SLO_VIOLATION
phase6v2-r05-load-medium-a01,LOAD_MEDIUM,5,True,True,False,2,COMPOUND_SLO_VIOLATION
phase6v2-r05-output-medium-a01,OUTPUT_MEDIUM,5,False,True,True,2,COMPOUND_SLO_VIOLATION
phase6v2-r05-output-load-a01,OUTPUT_LOAD,5,True,True,True,3,COMPOUND_SLO_VIOLATION
phase6v2-r06-baseline-a01,BASELINE,6,False,False,False,0,NO_COUNTED_SLO_VIOLATION
phase6v2-r06-input-load-a01,INPUT_LOAD,6,True,True,True,3,COMPOUND_SLO_VIOLATION
phase6v2-r06-output-downstream-control-a01,OUTPUT_DOWNSTREAM_CONTROL,6,True,True,True,3,COMPOUND_SLO_VIOLATION
phase6v2-r06-input-medium-a01,INPUT_MEDIUM,6,True,False,False,1,SINGLE_SLO_VIOLATION
phase6v2-r06-output-load-control-a01,OUTPUT_LOAD_CONTROL,6,True,True,False,2,COMPOUND_SLO_VIOLATION
phase6v2-r06-load-downstream-a01,LOAD_DOWNSTREAM,6,True,True,False,2,COMPOUND_SLO_VIOLATION
phase6v2-r06-output-load-a01,OUTPUT_LOAD,6,True,True,True,3,COMPOUND_SLO_VIOLATION
phase6v2-r06-downstream-medium-a01,DOWNSTREAM_MEDIUM,6,True,True,False,2,COMPOUND_SLO_VIOLATION
phase6v2-r06-input-downstream-a01,INPUT_DOWNSTREAM,6,True,True,False,2,COMPOUND_SLO_VIOLATION
phase6v2-r06-load-medium-a01,LOAD_MEDIUM,6,True,True,False,2,COMPOUND_SLO_VIOLATION
phase6v2-r06-output-medium-a01,OUTPUT_MEDIUM,6,False,True,True,2,COMPOUND_SLO_VIOLATION
phase6v2-r06-output-control-a01,OUTPUT_CONTROL,6,False,False,False,0,NO_COUNTED_SLO_VIOLATION
phase6v2-r06-output-downstream-a01,OUTPUT_DOWNSTREAM,6,True,True,True,3,COMPOUND_SLO_VIOLATION
phase6v2-r07-output-load-a01,OUTPUT_LOAD,7,True,True,True,3,COMPOUND_SLO_VIOLATION
phase6v2-r07-load-downstream-a01,LOAD_DOWNSTREAM,7,True,True,False,2,COMPOUND_SLO_VIOLATION
phase6v2-r07-baseline-a01,BASELINE,7,False,False,False,0,NO_COUNTED_SLO_VIOLATION
phase6v2-r07-input-downstream-a01,INPUT_DOWNSTREAM,7,True,True,False,2,COMPOUND_SLO_VIOLATION
phase6v2-r07-output-downstream-control-a01,OUTPUT_DOWNSTREAM_CONTROL,7,True,True,True,3,COMPOUND_SLO_VIOLATION
phase6v2-r07-output-load-control-a01,OUTPUT_LOAD_CONTROL,7,True,True,False,2,COMPOUND_SLO_VIOLATION
phase6v2-r07-downstream-medium-a01,DOWNSTREAM_MEDIUM,7,True,True,False,2,COMPOUND_SLO_VIOLATION
phase6v2-r07-output-control-a01,OUTPUT_CONTROL,7,False,False,True,1,SINGLE_SLO_VIOLATION
phase6v2-r07-input-load-a01,INPUT_LOAD,7,True,True,True,3,COMPOUND_SLO_VIOLATION
phase6v2-r07-output-medium-a01,OUTPUT_MEDIUM,7,False,True,True,2,COMPOUND_SLO_VIOLATION
phase6v2-r07-load-medium-a01,LOAD_MEDIUM,7,True,True,False,2,COMPOUND_SLO_VIOLATION
phase6v2-r07-input-medium-a01,INPUT_MEDIUM,7,True,False,False,1,SINGLE_SLO_VIOLATION
phase6v2-r07-output-downstream-a01,OUTPUT_DOWNSTREAM,7,True,True,True,3,COMPOUND_SLO_VIOLATION
phase6v2-r08-output-load-control-a01,OUTPUT_LOAD_CONTROL,8,True,True,False,2,COMPOUND_SLO_VIOLATION
phase6v2-r08-input-medium-a01,INPUT_MEDIUM,8,True,False,False,1,SINGLE_SLO_VIOLATION
phase6v2-r08-output-medium-a01,OUTPUT_MEDIUM,8,False,True,True,2,COMPOUND_SLO_VIOLATION
phase6v2-r08-output-control-a01,OUTPUT_CONTROL,8,False,True,True,2,COMPOUND_SLO_VIOLATION
phase6v2-r08-baseline-a01,BASELINE,8,False,False,False,0,NO_COUNTED_SLO_VIOLATION
phase6v2-r08-input-load-a01,INPUT_LOAD,8,True,True,True,3,COMPOUND_SLO_VIOLATION
phase6v2-r08-output-load-a01,OUTPUT_LOAD,8,True,True,True,3,COMPOUND_SLO_VIOLATION
phase6v2-r08-downstream-medium-a01,DOWNSTREAM_MEDIUM,8,True,True,False,2,COMPOUND_SLO_VIOLATION
phase6v2-r08-output-downstream-control-a01,OUTPUT_DOWNSTREAM_CONTROL,8,True,True,True,3,COMPOUND_SLO_VIOLATION
phase6v2-r08-load-medium-a01,LOAD_MEDIUM,8,True,True,False,2,COMPOUND_SLO_VIOLATION
phase6v2-r08-output-downstream-a01,OUTPUT_DOWNSTREAM,8,True,True,True,3,COMPOUND_SLO_VIOLATION
phase6v2-r08-input-downstream-a01,INPUT_DOWNSTREAM,8,True,True,False,2,COMPOUND_SLO_VIOLATION
phase6v2-r08-load-downstream-a01,LOAD_DOWNSTREAM,8,True,True,False,2,COMPOUND_SLO_VIOLATION
