test_id,old_t,new_t,old_raw_p,new_raw_p,old_holm_p,new_holm_p,significance_changed,classification_changed
INPUT,60.136472213444804,60.1364722134448,9.230705089180447e-11,9.229894626733542e-11,2.769211526754134e-10,2.7689683880200624e-10,False,False
OUTPUT,29.1193916991016,29.1193916991016,1.4500720624255337e-08,1.4500731466937095e-08,1.4500720624255337e-08,1.4500731466937095e-08,False,False
LOAD,65.92918889289997,65.92918889289997,4.8538950636611844e-11,4.853520511103773e-11,1.9415580254644738e-10,1.9414082044415093e-10,False,False
DOWNSTREAM,52.08098290660077,52.08098290660077,2.5209434539874565e-10,2.5208006285805577e-10,5.041886907974913e-10,5.041601257161115e-10,False,False
INPUT_LOAD:ttft_p95,113.29835442233444,113.29835442233444,1.6160406346443779e-12,1.100204410615773e-12,2.4240609519665668e-11,1.58662470414175e-11,False,False
INPUT_LOAD:total_latency_p95,113.93739051286016,113.93739051286018,1.6227019727921288e-12,1.0577498027611667e-12,2.4240609519665668e-11,1.58662470414175e-11,False,False
INPUT_LOAD:post_first_token_duration_p95,48.63989638635432,48.639896386354316,4.0629677400261244e-10,4.062887292522819e-10,4.469264514028737e-09,4.469176021775101e-09,False,False
INPUT_DOWNSTREAM:ttft_p95,-2.7187757582657426,-2.7187757582657417,0.029818309150761557,0.0298183091507602,0.29818309150761557,0.298183091507602,False,False
INPUT_DOWNSTREAM:total_latency_p95,-1.2132844432948984,-1.2132844432948984,0.2643683917206152,0.26436839172061477,1.0,1.0,False,False
INPUT_DOWNSTREAM:post_first_token_duration_p95,-0.8890437604753247,-0.8890437604753247,0.40349517364647003,0.4034951736464714,1.0,1.0,False,False
OUTPUT_LOAD:ttft_p95,52.266233493749134,52.266233493749134,2.458988568321274e-10,2.459058631658797e-10,2.950786281985529e-09,2.950870357990556e-09,False,False
OUTPUT_LOAD:total_latency_p95,53.531613829905965,53.53161382990597,2.0806734113421044e-10,2.0806848712298338e-10,2.7048754347447357e-09,2.7048903325987837e-09,False,False
OUTPUT_LOAD:post_first_token_duration_p95,-0.5942890097981622,-0.5942890097981622,0.57101828799347,0.5710182879934703,1.0,1.0,False,False
OUTPUT_DOWNSTREAM:ttft_p95,-2.2105495143371305,-2.21054951433713,0.06274633074653568,0.06274633074653313,0.5647169767188212,0.5647169767187982,False,False
OUTPUT_DOWNSTREAM:total_latency_p95,-1.8676435203060264,-1.8676435203060264,0.10403726159607585,0.10403726159607712,0.7282608311725309,0.7282608311725398,False,False
OUTPUT_DOWNSTREAM:post_first_token_duration_p95,-2.0474588970255985,-2.0474588970255985,0.07982923688421639,0.07982923688421531,0.6386338950737311,0.6386338950737225,False,False
LOAD_DOWNSTREAM:ttft_p95,0.3860514625738343,0.3860514625738344,0.7109237982979364,0.7109237982979368,1.0,1.0,False,False
LOAD_DOWNSTREAM:total_latency_p95,0.08617722988940552,0.08617722988940549,0.9337387213904647,0.9337387213904647,1.0,1.0,False,False
LOAD_DOWNSTREAM:post_first_token_duration_p95,-1.1247375163396476,-1.1247375163396476,0.29778322727098283,0.2977832272709834,1.0,1.0,False,False
